TransactionNumber,IsFraud
1,0
2,1
3,1
4,0
5,1
6,1
7,1
8,1
9,1
10,1
11,1
12,1
13,0
14,0
15,1
16,1
17,1
18,1
19,1
20,1
21,1
22,1
23,1
24,1
25,1
26,0
27,1
28,0
29,1
30,1
31,1
32,1
33,1
34,0
35,1
36,1
37,1
38,0
39,1
40,1
41,0
42,0
43,1
44,0
45,1
46,1
47,1
48,1
49,1
50,1
51,1
52,0
53,0
54,1
55,1
56,1
57,1
58,1
59,1
60,0
61,1
62,1
63,1
64,1
65,1
66,1
67,1
68,1
69,1
70,1
71,1
72,0
73,1
74,0
75,1
76,1
77,1
78,1
79,0
80,0
81,1
82,1
83,1
84,1
85,1
86,1
87,1
88,0
89,1
90,0
91,1
92,1
93,1
94,1
95,1
96,1
97,1
98,1
99,1
100,1
101,1
102,0
103,0
104,1
105,1
106,0
107,1
108,1
109,1
110,0
111,1
112,1
113,1
114,1
115,1
116,1
117,1
118,1
119,1
120,1
121,1
122,0
123,0
124,1
125,1
126,1
127,1
128,1
129,1
130,1
131,0
132,1
133,1
134,1
135,0
136,1
137,1
138,1
139,1
140,1
141,1
142,0
143,1
144,0
145,0
146,0
147,1
148,0
149,1
150,1
151,1
152,1
153,1
154,0
155,0
156,1
157,1
158,0
159,1
160,1
161,0
162,1
163,1
164,1
165,0
166,1
167,1
168,0
169,1
170,1
171,0
172,1
173,1
174,1
175,1
176,0
177,0
178,1
179,1
180,0
181,1
182,1
183,1
184,1
185,1
186,0
187,1
188,0
189,1
190,1
191,1
192,0
193,0
194,1
195,1
196,1
197,0
198,1
199,0
200,1
201,0
202,0
203,1
204,1
205,1
206,0
207,0
208,1
209,0
210,1
211,1
212,1
213,1
214,1
215,1
216,1
217,1
218,1
219,0
220,0
221,1
222,1
223,1
224,0
225,1
226,1
227,1
228,1
229,1
230,1
231,0
232,0
233,0
234,1
235,0
236,1
237,1
238,1
239,1
240,1
241,1
242,0
243,1
244,0
245,0
246,1
247,0
248,1
249,1
250,0
251,1
252,1
253,1
254,1
255,1
256,1
257,1
258,1
259,1
260,0
261,1
262,0
263,0
264,1
265,0
266,1
267,1
268,0
269,1
270,1
271,1
272,1
273,1
274,1
275,0
276,1
277,1
278,0
279,1
280,1
281,0
282,0
283,1
284,1
285,1
286,1
287,0
288,0
289,0
290,0
291,1
292,0
293,1
294,1
295,0
296,0
297,1
298,1
299,0
300,0
301,1
302,1
303,1
304,0
305,1
306,1
307,0
308,1
309,0
310,0
311,0
312,1
313,0
314,1
315,0
316,1
317,0
318,1
319,1
320,1
321,1
322,0
323,0
324,1
325,0
326,1
327,1
328,1
329,1
330,0
331,1
332,1
333,0
334,1
335,0
336,0
337,1
338,1
339,0
340,1
341,1
342,1
343,0
344,0
345,1
346,1
347,1
348,1
349,1
350,0
351,0
352,1
353,1
354,1
355,1
356,1
357,1
358,1
359,1
360,0
361,0
362,0
363,1
364,1
365,1
366,1
367,0
368,1
369,1
370,1
371,0
372,1
373,0
374,0
375,1
376,1
377,0
378,1
379,0
380,0
381,0
382,0
383,1
384,1
385,0
386,0
387,0
388,0
389,1
390,0
391,0
392,1
393,1
394,1
395,0
396,0
397,1
398,0
399,1
400,1
401,0
402,0
403,1
404,1
405,1
406,1
407,1
408,1
409,0
410,0
411,1
412,1
413,1
414,1
415,1
416,1
417,1
418,1
419,0
420,0
421,0
422,0
423,0
424,1
425,1
426,1
427,0
428,1
429,1
430,1
431,1
432,1
433,0
434,0
435,1
436,0
437,1
438,0
439,1
440,0
441,1
442,1
443,1
444,0
445,0
446,1
447,1
448,0
449,1
450,1
451,0
452,0
453,1
454,1
455,1
456,1
457,1
458,1
459,0
460,1
461,0
462,1
463,0
464,0
465,0
466,1
467,1
468,0
469,1
470,1
471,1
472,0
473,0
474,1
475,0
476,1
477,1
478,0
479,1
480,1
481,1
482,1
483,1
484,1
485,1
486,1
487,1
488,1
489,0
490,1
491,1
492,1
493,1
494,1
495,1
496,1
497,0
498,1
499,1
500,1
501,1
502,1
503,1
504,1
505,1
506,0
507,0
508,0
509,0
510,0
511,1
512,0
513,0
514,1
515,1
516,1
517,0
518,0
519,1
520,1
521,1
522,0
523,1
524,0
525,1
526,1
527,0
528,0
529,1
530,1
531,1
532,1
533,1
534,0
535,1
536,1
537,1
538,1
539,1
540,1
541,0
542,0
543,1
544,1
545,0
546,1
547,1
548,0
549,0
550,1
551,0
552,1
553,1
554,1
555,1
556,0
557,1
558,0
559,1
560,0
561,0
562,1
563,1
564,1
565,1
566,1
567,0
568,1
569,1
570,0
571,1
572,1
573,1
574,0
575,1
576,0
577,1
578,1
579,1
580,1
581,0
582,1
583,1
584,1
585,1
586,1
587,1
588,1
589,1
590,1
591,1
592,0
593,0
594,0
595,1
596,1
597,1
598,0
599,1
600,1
601,1
602,1
603,1
604,0
605,1
606,1
607,1
608,1
609,1
610,1
611,1
612,0
613,1
614,1
615,1
616,1
617,1
618,1
619,1
620,1
621,0
622,1
623,1
624,1
625,1
626,1
627,1
628,1
629,1
630,1
631,1
632,1
633,1
634,1
635,1
636,1
637,0
638,1
639,1
640,1
641,1
642,0
643,0
644,1
645,1
646,1
647,1
648,1
649,1
650,1
651,0
652,1
653,1
654,1
655,0
656,1
657,1
658,1
659,1
660,1
661,1
662,1
663,1
664,1
665,0
666,1
667,1
668,1
669,0
670,0
671,1
672,1
673,0
674,1
675,0
676,1
677,1
678,1
679,0
680,0
681,1
682,1
683,1
684,1
685,0
686,1
687,1
688,1
689,0
690,0
691,1
692,1
693,1
694,0
695,1
696,1
697,1
698,1
699,0
700,0
701,1
702,1
703,1
704,0
705,0
706,0
707,0
708,0
709,0
710,0
711,1
712,0
713,1
714,0
715,1
716,1
717,1
718,1
719,0
720,1
721,1
722,1
723,1
724,1
725,1
726,1
727,1
728,0
729,1
730,0
731,0
732,1
733,1
734,1
735,1
736,0
737,1
738,1
739,1
740,0
741,0
742,1
743,1
744,1
745,1
746,1
747,0
748,1
749,1
750,0
751,1
752,1
753,1
754,1
755,1
756,1
757,1
758,1
759,0
760,0
761,1
762,1
763,1
764,1
765,1
766,1
767,1
768,1
769,1
770,0
771,0
772,1
773,1
774,1
775,1
776,1
777,1
778,1
779,1
780,1
781,1
782,1
783,0
784,0
785,0
786,1
787,1
788,1
789,0
790,0
791,1
792,1
793,1
794,1
795,1
796,1
797,1
798,1
799,1
800,1
801,1
802,0
803,1
804,1
805,1
806,1
807,1
808,1
809,0
810,1
811,0
812,1
813,1
814,1
815,1
816,0
817,0
818,1
819,0
820,1
821,1
822,1
823,0
824,1
825,1
826,0
827,0
828,1
829,1
830,1
831,1
832,1
833,1
834,1
835,1
836,0
837,1
838,1
839,1
840,1
841,1
842,1
843,1
844,0
845,1
846,1
847,1
848,1
849,0
850,1
851,1
852,1
853,1
854,1
855,1
856,1
857,1
858,1
859,1
860,1
861,1
862,0
863,1
864,1
865,1
866,1
867,0
868,0
869,0
870,1
871,1
872,0
873,1
874,1
875,1
876,1
877,1
878,1
879,1
880,0
881,1
882,1
883,0
884,1
885,1
886,1
887,1
888,0
889,1
890,0
891,1
892,0
893,1
894,0
895,1
896,1
897,1
898,1
899,0
900,1
901,1
902,0
903,0
904,0
905,1
906,0
907,1
908,1
909,1
910,1
911,0
912,1
913,1
914,1
915,1
916,1
917,0
918,1
919,1
920,1
921,0
922,0
923,1
924,1
925,1
926,1
927,1
928,1
929,0
930,1
931,1
932,0
933,1
934,1
935,1
936,1
937,1
938,0
939,1
940,0
941,0
942,1
943,1
944,0
945,1
946,1
947,1
948,1
949,1
950,1
951,1
952,0
953,1
954,1
955,1
956,1
957,1
958,1
959,1
960,1
961,0
962,1
963,0
964,0
965,0
966,1
967,1
968,1
969,1
970,1
971,0
972,1
973,0
974,1
975,1
976,0
977,1
978,1
979,1
980,0
981,1
982,1
983,0
984,1
985,1
986,0
987,1
988,0
989,1
990,0
991,1
992,1
993,1
994,1
995,0
996,1
997,1
998,1
999,1
1000,0
1001,1
1002,1
1003,0
1004,1
1005,1
1006,1
1007,0
1008,1
1009,1
1010,1
1011,1
1012,1
1013,1
1014,1
1015,0
1016,0
1017,0
1018,0
1019,1
1020,0
1021,1
1022,0
1023,1
1024,1
1025,1
1026,1
1027,1
1028,0
1029,1
1030,1
1031,1
1032,1
1033,1
1034,1
1035,1
1036,1
1037,0
1038,0
1039,1
1040,1
1041,1
1042,0
1043,1
1044,1
1045,1
1046,0
1047,1
1048,1
1049,1
1050,0
1051,0
1052,0
1053,1
1054,0
1055,1
1056,1
1057,1
1058,1
1059,1
1060,0
1061,1
1062,1
1063,0
1064,0
1065,1
1066,1
1067,1
1068,1
1069,0
1070,1
1071,1
1072,1
1073,0
1074,0
1075,0
1076,1
1077,0
1078,1
1079,0
1080,1
1081,1
1082,1
1083,1
1084,1
1085,1
1086,1
1087,1
1088,1
1089,1
1090,1
1091,1
1092,0
1093,0
1094,1
1095,1
1096,1
1097,1
1098,1
1099,0
1100,1
1101,1
1102,1
1103,1
1104,0
1105,1
1106,0
1107,0
1108,1
1109,0
1110,0
1111,1
1112,1
1113,0
1114,0
1115,0
1116,0
1117,1
1118,1
1119,1
1120,1
1121,1
1122,1
1123,1
1124,1
1125,1
1126,1
1127,1
1128,1
1129,1
1130,0
1131,0
1132,1
1133,0
1134,0
1135,1
1136,1
1137,1
1138,1
1139,1
1140,1
1141,0
1142,1
1143,1
1144,1
1145,1
1146,1
1147,0
1148,1
1149,1
1150,0
1151,1
1152,1
1153,0
1154,1
1155,0
1156,1
1157,1
1158,0
1159,1
1160,1
1161,0
1162,1
1163,0
1164,0
1165,1
1166,1
1167,1
1168,1
1169,1
1170,0
1171,1
1172,1
1173,0
1174,1
1175,0
1176,1
1177,0
1178,0
1179,0
1180,1
1181,0
1182,0
1183,1
1184,1
1185,1
1186,1
1187,1
1188,0
1189,1
1190,1
1191,1
1192,0
1193,0
1194,0
1195,1
1196,1
1197,0
1198,0
1199,0
1200,1
1201,1
1202,1
1203,1
1204,1
1205,0
1206,0
1207,1
1208,1
1209,1
1210,0
1211,1
1212,1
1213,1
1214,0
1215,0
1216,1
1217,0
1218,1
1219,0
1220,1
1221,0
1222,1
1223,0
1224,1
1225,1
1226,1
1227,1
1228,1
1229,0
1230,1
1231,1
1232,0
1233,1
1234,1
1235,0
1236,1
1237,0
1238,1
1239,0
1240,1
1241,1
1242,0
1243,1
1244,1
1245,1
1246,1
1247,0
1248,1
1249,1
1250,1
1251,0
1252,0
1253,1
1254,1
1255,0
1256,1
1257,1
1258,1
1259,1
1260,1
1261,1
1262,0
1263,1
1264,1
1265,1
1266,1
1267,1
1268,1
1269,0
1270,0
1271,0
1272,1
1273,1
1274,0
1275,1
1276,1
1277,1
1278,0
1279,1
1280,1
1281,0
1282,1
1283,1
1284,1
1285,0
1286,1
1287,0
1288,1
1289,1
1290,1
1291,1
1292,1
1293,1
1294,0
1295,1
1296,0
1297,1
1298,1
1299,0
1300,0
1301,1
1302,1
1303,0
1304,0
1305,1
1306,0
1307,0
1308,0
1309,1
1310,0
1311,1
1312,0
1313,1
1314,0
1315,0
1316,0
1317,1
1318,1
1319,1
1320,1
1321,1
1322,1
1323,0
1324,0
1325,0
1326,1
1327,1
1328,1
1329,0
1330,1
1331,1
1332,1
1333,1
1334,1
1335,1
1336,1
1337,0
1338,0
1339,1
1340,1
1341,0
1342,0
1343,1
1344,1
1345,0
1346,1
1347,1
1348,0
1349,1
1350,1
1351,0
1352,1
1353,0
1354,0
1355,1
1356,1
1357,1
1358,1
1359,1
1360,1
1361,1
1362,1
1363,1
1364,1
1365,0
1366,1
1367,0
1368,0
1369,1
1370,0
1371,1
1372,1
1373,1
1374,1
1375,1
1376,1
1377,1
1378,0
1379,0
1380,1
1381,1
1382,0
1383,1
1384,1
1385,1
1386,1
1387,1
1388,1
1389,0
1390,0
1391,0
1392,1
1393,1
1394,1
1395,1
1396,0
1397,1
1398,1
1399,1
1400,1
1401,1
1402,1
1403,1
1404,0
1405,1
1406,1
1407,1
1408,1
1409,0
1410,1
1411,1
1412,0
1413,0
1414,1
1415,1
1416,1
1417,1
1418,0
1419,1
1420,1
1421,1
1422,1
1423,0
1424,1
1425,1
1426,1
1427,1
1428,1
1429,1
1430,1
1431,1
1432,0
1433,0
1434,0
1435,1
1436,1
1437,1
1438,1
1439,1
1440,0
1441,0
1442,1
1443,1
1444,0
1445,1
1446,1
1447,0
1448,1
1449,0
1450,1
1451,1
1452,1
1453,1
1454,0
1455,0
1456,1
1457,0
1458,1
1459,1
1460,0
1461,1
1462,0
1463,1
1464,1
1465,1
1466,1
1467,1
1468,1
1469,0
1470,1
1471,0
1472,0
1473,0
1474,0
1475,1
1476,1
1477,0
1478,0
1479,0
1480,0
1481,0
1482,1
1483,1
1484,1
1485,0
1486,1
1487,1
1488,1
1489,1
1490,0
1491,0
1492,1
1493,1
1494,1
1495,1
1496,1
1497,1
1498,1
1499,1
1500,1
1501,1
1502,1
1503,1
1504,0
1505,0
1506,1
1507,0
1508,1
1509,1
1510,1
1511,1
1512,0
1513,1
1514,1
1515,1
1516,0
1517,1
1518,1
1519,1
1520,1
1521,0
1522,0
1523,1
1524,1
1525,1
1526,1
1527,1
1528,0
1529,1
1530,0
1531,1
1532,1
1533,1
1534,0
1535,1
1536,1
1537,1
1538,0
1539,0
1540,0
1541,1
1542,1
1543,0
1544,0
1545,1
1546,1
1547,1
1548,1
1549,1
1550,1
1551,1
1552,1
1553,1
1554,1
1555,1
1556,1
1557,0
1558,0
1559,0
1560,1
1561,1
1562,0
1563,1
1564,1
1565,1
1566,0
1567,1
1568,1
1569,1
1570,1
1571,1
1572,1
1573,1
1574,0
1575,1
1576,1
1577,0
1578,1
1579,1
1580,1
1581,1
1582,1
1583,1
1584,1
1585,1
1586,1
1587,1
1588,1
1589,1
1590,1
1591,1
1592,1
1593,1
1594,1
1595,1
1596,1
1597,1
1598,1
1599,0
1600,1
1601,1
1602,1
1603,0
1604,1
1605,1
1606,1
1607,1
1608,1
1609,0
1610,0
1611,1
1612,0
1613,1
1614,1
1615,1
1616,1
1617,1
1618,0
1619,1
1620,1
1621,1
1622,0
1623,1
1624,1
1625,1
1626,0
1627,1
1628,1
1629,1
1630,1
1631,0
1632,0
1633,1
1634,1
1635,1
1636,1
1637,1
1638,1
1639,1
1640,0
1641,1
1642,1
1643,1
1644,0
1645,0
1646,1
1647,1
1648,1
1649,1
1650,1
1651,1
1652,0
1653,1
1654,1
1655,1
1656,0
1657,1
1658,1
1659,1
1660,1
1661,0
1662,1
1663,1
1664,1
1665,0
1666,0
1667,1
1668,0
1669,0
1670,1
1671,1
1672,1
1673,1
1674,0
1675,0
1676,1
1677,0
1678,1
1679,1
1680,1
1681,1
1682,1
1683,1
1684,0
1685,1
1686,0
1687,1
1688,1
1689,1
1690,0
1691,0
1692,1
1693,1
1694,1
1695,1
1696,1
1697,1
1698,1
1699,0
1700,1
1701,0
1702,1
1703,0
1704,1
1705,1
1706,0
1707,0
1708,1
1709,1
1710,0
1711,1
1712,1
1713,0
1714,1
1715,0
1716,1
1717,1
1718,0
1719,0
1720,1
1721,1
1722,1
1723,1
1724,0
1725,1
1726,1
1727,1
1728,1
1729,1
1730,1
1731,0
1732,0
1733,0
1734,1
1735,1
1736,1
1737,1
1738,1
1739,1
1740,1
1741,0
1742,1
1743,1
1744,0
1745,0
1746,1
1747,0
1748,1
1749,0
1750,1
1751,1
1752,1
1753,1
1754,0
1755,0
1756,1
1757,1
1758,1
1759,1
1760,1
1761,1
1762,1
1763,1
1764,0
1765,0
1766,0
1767,1
1768,0
1769,1
1770,0
1771,1
1772,1
1773,0
1774,1
1775,1
1776,1
1777,0
1778,1
1779,0
1780,1
1781,1
1782,0
1783,1
1784,1
1785,0
1786,1
1787,1
1788,1
1789,0
1790,1
1791,1
1792,0
1793,1
1794,1
1795,0
1796,0
1797,1
1798,1
1799,0
1800,1
1801,1
1802,0
1803,1
1804,1
1805,1
1806,1
1807,0
1808,1
1809,1
1810,1
1811,1
1812,0
1813,1
1814,1
1815,0
1816,1
1817,0
1818,1
1819,1
1820,1
1821,1
1822,1
1823,0
1824,1
1825,1
1826,0
1827,1
1828,1
1829,1
1830,1
1831,0
1832,0
1833,1
1834,0
1835,1
1836,0
1837,1
1838,1
1839,1
1840,1
1841,1
1842,1
1843,1
1844,1
1845,1
1846,1
1847,1
1848,1
1849,1
1850,1
1851,1
1852,1
1853,0
1854,1
1855,1
1856,1
1857,0
1858,1
1859,1
1860,0
1861,1
1862,1
1863,1
1864,1
1865,1
1866,1
1867,0
1868,0
1869,0
1870,1
1871,1
1872,1
1873,1
1874,0
1875,0
1876,0
1877,1
1878,1
1879,1
1880,1
1881,1
1882,1
1883,1
1884,0
1885,0
1886,0
1887,0
1888,0
1889,1
1890,0
1891,1
1892,1
1893,1
1894,1
1895,1
1896,1
1897,0
1898,1
1899,1
1900,1
1901,1
1902,0
1903,0
1904,1
1905,1
1906,0
1907,1
1908,1
1909,1
1910,0
1911,0
1912,1
1913,1
1914,1
1915,1
1916,1
1917,1
1918,1
1919,1
1920,1
1921,1
1922,0
1923,1
1924,1
1925,1
1926,1
1927,1
1928,0
1929,0
1930,1
1931,0
1932,1
1933,1
1934,0
1935,1
1936,1
1937,1
1938,0
1939,1
1940,1
1941,1
1942,0
1943,1
1944,1
1945,0
1946,0
1947,1
1948,1
1949,1
1950,1
1951,1
1952,1
1953,1
1954,1
1955,1
1956,0
1957,1
1958,1
1959,0
1960,1
1961,1
1962,1
1963,1
1964,0
1965,1
1966,1
1967,1
1968,1
1969,1
1970,1
1971,1
1972,1
1973,0
1974,1
1975,1
1976,1
1977,1
1978,1
1979,1
1980,0
1981,0
1982,1
1983,1
1984,1
1985,1
1986,1
1987,1
1988,1
1989,1
1990,0
1991,1
1992,1
1993,1
1994,1
1995,1
1996,1
1997,0
1998,0
1999,1
2000,0
2001,1
2002,1
2003,1
2004,0
2005,0
2006,0
2007,1
2008,1
2009,1
2010,1
2011,0
2012,1
2013,0
2014,0
2015,0
2016,1
2017,1
2018,1
2019,1
2020,1
2021,1
2022,1
2023,0
2024,1
2025,1
2026,1
2027,0
2028,1
2029,1
2030,1
2031,1
2032,1
2033,1
2034,0
2035,1
2036,0
2037,1
2038,1
2039,0
2040,1
2041,1
2042,0
2043,1
2044,1
2045,0
2046,0
2047,1
2048,1
2049,1
2050,0
2051,0
2052,0
2053,1
2054,1
2055,0
2056,1
2057,1
2058,1
2059,1
2060,1
2061,1
2062,1
2063,1
2064,1
2065,1
2066,1
2067,1
2068,0
2069,1
2070,1
2071,1
2072,1
2073,0
2074,0
2075,1
2076,1
2077,1
2078,1
2079,1
2080,0
2081,1
2082,1
2083,1
2084,0
2085,1
2086,0
2087,0
2088,1
2089,1
2090,1
2091,0
2092,0
2093,1
2094,0
2095,1
2096,1
2097,0
2098,1
2099,1
2100,0
2101,1
2102,1
2103,0
2104,1
2105,0
2106,1
2107,1
2108,0
2109,1
2110,1
2111,0
2112,0
2113,0
2114,1
2115,1
2116,1
2117,0
2118,1
2119,1
2120,1
2121,1
2122,1
2123,1
2124,1
2125,1
2126,1
2127,1
2128,1
2129,0
2130,0
2131,0
2132,0
2133,0
2134,1
2135,1
2136,0
2137,0
2138,0
2139,1
2140,0
2141,0
2142,1
2143,1
2144,0
2145,1
2146,1
2147,1
2148,1
2149,1
2150,1
2151,1
2152,1
2153,1
2154,0
2155,1
2156,0
2157,0
2158,0
2159,1
2160,0
2161,1
2162,0
2163,0
2164,0
2165,0
2166,1
2167,1
2168,1
2169,1
2170,1
2171,1
2172,0
2173,1
2174,0
2175,0
2176,1
2177,1
2178,1
2179,0
2180,0
2181,1
2182,0
2183,0
2184,1
2185,0
2186,1
2187,1
2188,1
2189,1
2190,1
2191,0
2192,1
2193,1
2194,1
2195,1
2196,1
2197,1
2198,1
2199,1
2200,1
2201,1
2202,1
2203,1
2204,0
2205,1
2206,1
2207,1
2208,0
2209,1
2210,1
2211,0
2212,1
2213,0
2214,0
2215,0
2216,1
2217,1
2218,1
2219,0
2220,1
2221,1
2222,1
2223,0
2224,0
2225,1
2226,1
2227,1
2228,1
2229,1
2230,0
2231,0
2232,0
2233,1
2234,1
2235,0
2236,1
2237,1
2238,0
2239,1
2240,0
2241,1
2242,1
2243,0
2244,1
2245,1
2246,1
2247,0
2248,0
2249,1
2250,1
2251,1
2252,0
2253,1
2254,1
2255,1
2256,1
2257,1
2258,0
2259,1
2260,0
2261,1
2262,1
2263,0
2264,0
2265,0
2266,0
2267,1
2268,1
2269,1
2270,1
2271,1
2272,1
2273,1
2274,1
2275,1
2276,1
2277,1
2278,1
2279,1
2280,0
2281,1
2282,1
2283,1
2284,0
2285,1
2286,0
2287,0
2288,1
2289,1
2290,1
2291,1
2292,1
2293,1
2294,1
2295,1
2296,0
2297,1
2298,1
2299,1
2300,1
2301,0
2302,0
2303,1
2304,0
2305,1
2306,1
2307,0
2308,0
2309,1
2310,0
2311,1
2312,1
2313,1
2314,1
2315,1
2316,1
2317,0
2318,0
2319,1
2320,0
2321,0
2322,1
2323,1
2324,1
2325,1
2326,1
2327,1
2328,0
2329,0
2330,1
2331,1
2332,1
2333,1
2334,1
2335,0
2336,1
2337,1
2338,1
2339,1
2340,1
2341,0
2342,1
2343,1
2344,0
2345,0
2346,1
2347,0
2348,0
2349,0
2350,1
2351,1
2352,0
2353,1
2354,1
2355,0
2356,0
2357,1
2358,0
2359,1
2360,1
2361,1
2362,0
2363,1
2364,1
2365,0
2366,1
2367,1
2368,1
2369,0
2370,1
2371,1
2372,0
2373,1
2374,1
2375,0
2376,0
2377,1
2378,1
2379,1
2380,1
2381,0
2382,1
2383,1
2384,1
2385,1
2386,1
2387,1
2388,1
2389,0
2390,1
2391,0
2392,1
2393,1
2394,0
2395,0
2396,1
2397,1
2398,0
2399,1
2400,1
2401,1
2402,0
2403,1
2404,1
2405,1
2406,1
2407,1
2408,0
2409,0
2410,0
2411,1
2412,0
2413,0
2414,1
2415,1
2416,0
2417,1
2418,1
2419,1
2420,1
2421,1
2422,1
2423,1
2424,1
2425,1
2426,1
2427,0
2428,1
2429,1
2430,1
2431,1
2432,1
2433,1
2434,1
2435,1
2436,1
2437,0
2438,0
2439,1
2440,0
2441,0
2442,1
2443,1
2444,1
2445,0
2446,0
2447,1
2448,1
2449,1
2450,1
2451,1
2452,1
2453,1
2454,1
2455,0
2456,1
2457,1
2458,1
2459,1
2460,0
2461,1
2462,1
2463,1
2464,1
2465,1
2466,0
2467,0
2468,1
2469,1
2470,1
2471,1
2472,1
2473,1
2474,1
2475,0
2476,1
2477,1
2478,1
2479,1
2480,1
2481,1
2482,1
2483,1
2484,0
2485,0
2486,0
2487,0
2488,1
2489,1
2490,1
2491,1
2492,0
2493,1
2494,0
2495,1
2496,0
2497,1
2498,1
2499,0
2500,0
2501,1
2502,0
2503,1
2504,0
2505,1
2506,1
2507,1
2508,1
2509,1
2510,0
2511,1
2512,1
2513,1
2514,1
2515,1
2516,1
2517,0
2518,0
2519,1
2520,0
2521,1
2522,0
2523,1
2524,1
2525,1
2526,0
2527,0
2528,1
2529,0
2530,0
2531,1
2532,1
2533,1
2534,0
2535,1
2536,1
2537,1
2538,1
2539,1
2540,0
2541,1
2542,0
2543,1
2544,1
2545,1
2546,0
2547,1
2548,1
2549,1
2550,1
2551,1
2552,1
2553,1
2554,1
2555,0
2556,1
2557,0
2558,1
2559,0
2560,0
2561,1
2562,0
2563,1
2564,0
2565,1
2566,1
2567,1
2568,1
2569,1
2570,1
2571,1
2572,1
2573,0
2574,1
2575,0
2576,1
2577,1
2578,1
2579,1
2580,1
2581,0
2582,1
2583,0
2584,1
2585,1
2586,0
2587,0
2588,1
2589,1
2590,1
2591,1
2592,1
2593,0
2594,1
2595,0
2596,1
2597,0
2598,0
2599,1
2600,0
2601,1
2602,0
2603,1
2604,1
2605,1
2606,0
2607,1
2608,1
2609,1
2610,1
2611,0
2612,1
2613,1
2614,1
2615,0
2616,1
2617,0
2618,1
2619,1
2620,0
2621,1
2622,1
2623,1
2624,1
2625,1
2626,1
2627,1
2628,1
2629,0
2630,1
2631,1
2632,1
2633,1
2634,0
2635,1
2636,1
2637,1
2638,1
2639,1
2640,1
2641,1
2642,1
2643,1
2644,1
2645,1
2646,1
2647,1
2648,1
2649,0
2650,1
2651,1
2652,1
2653,0
2654,1
2655,0
2656,0
2657,0
2658,0
2659,1
2660,1
2661,1
2662,1
2663,1
2664,1
2665,0
2666,1
2667,1
2668,1
2669,1
2670,1
2671,0
2672,1
2673,1
2674,1
2675,1
2676,1
2677,1
2678,1
2679,1
2680,1
2681,1
2682,1
2683,1
2684,1
2685,1
2686,1
2687,1
2688,1
2689,1
2690,1
2691,1
2692,0
2693,0
2694,1
2695,0
2696,1
2697,1
2698,0
2699,1
2700,1
2701,0
2702,1
2703,1
2704,1
2705,1
2706,1
2707,1
2708,1
2709,1
2710,1
2711,1
2712,1
2713,1
2714,1
2715,0
2716,0
2717,0
2718,1
2719,0
2720,1
2721,1
2722,1
2723,1
2724,1
2725,1
2726,1
2727,0
2728,1
2729,0
2730,0
2731,1
2732,0
2733,1
2734,0
2735,0
2736,1
2737,1
2738,1
2739,1
2740,0
2741,1
2742,1
2743,0
2744,0
2745,1
2746,0
2747,1
2748,0
2749,0
2750,1
2751,0
2752,1
2753,1
2754,0
2755,1
2756,1
2757,1
2758,1
2759,1
2760,0
2761,1
2762,0
2763,0
2764,0
2765,0
2766,0
2767,1
2768,1
2769,1
2770,0
2771,0
2772,1
2773,0
2774,1
2775,1
2776,1
2777,1
2778,1
2779,1
2780,1
2781,1
2782,0
2783,1
2784,1
2785,1
2786,0
2787,1
2788,1
2789,0
2790,1
2791,1
2792,1
2793,1
2794,0
2795,1
2796,1
2797,0
2798,1
2799,1
2800,1
2801,1
2802,0
2803,0
2804,1
2805,1
2806,1
2807,1
2808,1
2809,1
2810,1
2811,1
2812,0
2813,1
2814,1
2815,0
2816,1
2817,1
2818,1
2819,1
2820,1
2821,1
2822,1
2823,1
2824,1
2825,1
2826,1
2827,1
2828,1
2829,0
2830,1
2831,1
2832,1
2833,1
2834,1
2835,1
2836,0
2837,0
2838,1
2839,1
2840,0
2841,1
2842,1
2843,1
2844,1
2845,1
2846,1
2847,1
2848,0
2849,1
2850,1
2851,1
2852,0
2853,1
2854,0
2855,1
2856,1
2857,1
2858,1
2859,1
2860,0
2861,1
2862,0
2863,1
2864,0
2865,0
2866,0
2867,1
2868,1
2869,1
2870,1
2871,1
2872,0
2873,1
2874,0
2875,0
2876,1
2877,0
2878,1
2879,1
2880,1
2881,1
2882,0
2883,0
2884,1
2885,0
2886,1
2887,1
2888,0
2889,0
2890,1
2891,1
2892,1
2893,1
2894,1
2895,0
2896,1
2897,0
2898,0
2899,1
2900,1
2901,0
2902,1
2903,1
2904,1
2905,1
2906,1
2907,1
2908,1
2909,0
2910,1
2911,1
2912,1
2913,1
2914,0
2915,1
2916,1
2917,0
2918,0
2919,1
2920,0
2921,1
2922,1
2923,1
2924,1
2925,1
2926,1
2927,0
2928,1
2929,1
2930,1
2931,1
2932,1
2933,0
2934,1
2935,1
2936,1
2937,1
2938,0
2939,0
2940,0
2941,1
2942,1
2943,1
2944,0
2945,1
2946,0
2947,1
2948,1
2949,1
2950,1
2951,1
2952,1
2953,1
2954,0
2955,0
2956,1
2957,0
2958,0
2959,1
2960,1
2961,1
2962,1
2963,1
2964,1
2965,1
2966,0
2967,1
2968,1
2969,1
2970,0
2971,0
2972,1
2973,0
2974,1
2975,1
2976,1
2977,1
2978,1
2979,1
2980,1
2981,0
2982,1
2983,1
2984,1
2985,1
2986,1
2987,1
2988,1
2989,1
2990,0
2991,1
2992,1
2993,0
2994,1
2995,1
2996,1
2997,1
2998,1
2999,1
3000,0
3001,1
3002,1
3003,1
3004,1
3005,1
3006,1
3007,1
3008,1
3009,1
3010,0
3011,0
3012,1
3013,1
3014,1
3015,0
3016,0
3017,0
3018,1
3019,1
3020,1
3021,1
3022,1
3023,1
3024,1
3025,1
3026,1
3027,1
3028,0
3029,0
3030,1
3031,0
3032,1
3033,1
3034,1
3035,1
3036,1
3037,1
3038,1
3039,1
3040,1
3041,1
3042,1
3043,1
3044,1
3045,0
3046,1
3047,1
3048,0
3049,0
3050,1
3051,0
3052,0
3053,0
3054,0
3055,1
3056,0
3057,0
3058,0
3059,0
3060,1
3061,0
3062,0
3063,0
3064,1
3065,0
3066,1
3067,1
3068,1
3069,1
3070,0
3071,0
3072,1
3073,1
3074,1
3075,1
3076,1
3077,0
3078,1
3079,1
3080,1
3081,1
3082,1
3083,1
3084,0
3085,1
3086,1
3087,1
3088,1
3089,1
3090,1
3091,0
3092,0
3093,1
3094,1
3095,1
3096,1
3097,1
3098,0
3099,1
3100,0
3101,0
3102,1
3103,0
3104,1
3105,1
3106,0
3107,1
3108,1
3109,0
3110,1
3111,0
3112,1
3113,1
3114,1
3115,0
3116,0
3117,0
3118,0
3119,1
3120,1
3121,1
3122,1
3123,1
3124,1
3125,0
3126,1
3127,1
3128,1
3129,1
3130,1
3131,1
3132,1
3133,1
3134,1
3135,0
3136,1
3137,0
3138,1
3139,0
3140,1
3141,1
3142,1
3143,0
3144,1
3145,1
3146,1
3147,0
3148,1
3149,1
3150,1
3151,0
3152,0
3153,1
3154,0
3155,1
3156,0
3157,0
3158,0
3159,1
3160,0
3161,0
3162,0
3163,1
3164,1
3165,1
3166,1
3167,1
3168,1
3169,1
3170,1
3171,1
3172,1
3173,1
3174,0
3175,1
3176,0
3177,0
3178,1
3179,0
3180,1
3181,1
3182,1
3183,1
3184,1
3185,0
3186,0
3187,0
3188,1
3189,1
3190,0
3191,0
3192,1
3193,1
3194,1
3195,0
3196,0
3197,1
3198,1
3199,1
3200,0
3201,0
3202,0
3203,1
3204,0
3205,1
3206,0
3207,1
3208,1
3209,1
3210,0
3211,0
3212,1
3213,1
3214,1
3215,0
3216,1
3217,0
3218,1
3219,0
3220,1
3221,1
3222,1
3223,1
3224,1
3225,1
3226,1
3227,0
3228,1
3229,1
3230,0
3231,1
3232,0
3233,1
3234,0
3235,0
3236,1
3237,0
3238,0
3239,0
3240,0
3241,1
3242,1
3243,0
3244,0
3245,1
3246,1
3247,1
3248,1
3249,1
3250,1
3251,1
3252,0
3253,1
3254,0
3255,0
3256,1
3257,1
3258,1
3259,1
3260,0
3261,0
3262,1
3263,1
3264,1
3265,0
3266,1
3267,1
3268,1
3269,1
3270,0
3271,1
3272,1
3273,1
3274,1
3275,1
3276,1
3277,0
3278,0
3279,1
3280,1
3281,1
3282,0
3283,1
3284,1
3285,1
3286,0
3287,1
3288,1
3289,1
3290,1
3291,0
3292,1
3293,1
3294,0
3295,1
3296,0
3297,1
3298,0
3299,1
3300,1
3301,1
3302,0
3303,1
3304,1
3305,1
3306,1
3307,1
3308,1
3309,1
3310,1
3311,1
3312,1
3313,1
3314,1
3315,1
3316,0
3317,1
3318,1
3319,1
3320,1
3321,1
3322,0
3323,1
3324,0
3325,0
3326,0
3327,1
3328,0
3329,1
3330,1
3331,0
3332,1
3333,1
3334,1
3335,1
3336,1
3337,1
3338,1
3339,1
3340,1
3341,1
3342,0
3343,0
3344,1
3345,1
3346,1
3347,1
3348,0
3349,1
3350,1
3351,1
3352,0
3353,1
3354,1
3355,1
3356,0
3357,1
3358,0
3359,1
3360,1
3361,0
3362,1
3363,0
3364,0
3365,0
3366,0
3367,1
3368,0
3369,0
3370,1
3371,1
3372,1
3373,1
3374,1
3375,1
3376,0
3377,0
3378,1
3379,1
3380,1
3381,0
3382,1
3383,1
3384,1
3385,1
3386,0
3387,1
3388,0
3389,1
3390,1
3391,1
3392,1
3393,1
3394,0
3395,1
3396,1
3397,1
3398,0
3399,1
3400,0
3401,1
3402,0
3403,1
3404,1
3405,1
3406,1
3407,1
3408,1
3409,1
3410,0
3411,0
3412,1
3413,1
3414,1
3415,0
3416,0
3417,0
3418,1
3419,1
3420,0
3421,1
3422,0
3423,1
3424,0
3425,1
3426,1
3427,0
3428,1
3429,1
3430,1
3431,1
3432,1
3433,1
3434,1
3435,1
3436,1
3437,0
3438,1
3439,1
3440,1
3441,0
3442,1
3443,1
3444,1
3445,1
3446,1
3447,1
3448,1
3449,1
3450,1
3451,1
3452,0
3453,0
3454,0
3455,1
3456,1
3457,1
3458,0
3459,1
3460,1
3461,0
3462,1
3463,1
3464,0
3465,1
3466,1
3467,1
3468,0
3469,0
3470,0
3471,1
3472,1
3473,1
3474,1
3475,1
3476,1
3477,1
3478,1
3479,1
3480,0
3481,1
3482,1
3483,1
3484,0
3485,0
3486,1
3487,0
3488,1
3489,1
3490,1
3491,0
3492,1
3493,0
3494,1
3495,1
3496,1
3497,1
3498,1
3499,0
3500,1
3501,0
3502,0
3503,1
3504,1
3505,0
3506,1
3507,0
3508,0
3509,1
3510,1
3511,0
3512,1
3513,1
3514,1
3515,0
3516,0
3517,0
3518,1
3519,1
3520,1
3521,0
3522,0
3523,0
3524,0
3525,1
3526,1
3527,1
3528,1
3529,1
3530,1
3531,1
3532,1
3533,0
3534,1
3535,0
3536,1
3537,0
3538,1
3539,0
3540,0
3541,1
3542,1
3543,1
3544,1
3545,1
3546,1
3547,1
3548,1
3549,1
3550,1
3551,1
3552,0
3553,1
3554,1
3555,1
3556,1
3557,1
3558,1
3559,1
3560,1
3561,0
3562,0
3563,1
3564,1
3565,1
3566,1
3567,0
3568,1
3569,0
3570,1
3571,0
3572,1
3573,1
3574,1
3575,0
3576,1
3577,1
3578,0
3579,1
3580,1
3581,1
3582,0
3583,1
3584,1
3585,0
3586,0
3587,1
3588,0
3589,1
3590,1
3591,1
3592,1
3593,1
3594,0
3595,0
3596,1
3597,0
3598,1
3599,0
3600,1
3601,0
3602,0
3603,0
3604,1
3605,1
3606,1
3607,1
3608,1
3609,1
3610,0
3611,1
3612,1
3613,1
3614,1
3615,1
3616,1
3617,0
3618,1
3619,1
3620,0
3621,1
3622,0
3623,0
3624,1
3625,1
3626,1
3627,1
3628,1
3629,1
3630,1
3631,1
3632,1
3633,1
3634,0
3635,0
3636,1
3637,1
3638,1
3639,1
3640,1
3641,1
3642,1
3643,0
3644,1
3645,1
3646,1
3647,1
3648,1
3649,0
3650,1
3651,1
3652,1
3653,0
3654,1
3655,0
3656,0
3657,0
3658,1
3659,1
3660,0
3661,1
3662,1
3663,1
3664,0
3665,1
3666,1
3667,1
3668,1
3669,0
3670,0
3671,1
3672,1
3673,1
3674,1
3675,0
3676,1
3677,1
3678,0
3679,0
3680,1
3681,0
3682,0
3683,1
3684,0
3685,0
3686,1
3687,1
3688,1
3689,1
3690,1
3691,1
3692,1
3693,1
3694,1
3695,1
3696,1
3697,1
3698,1
3699,0
3700,1
3701,1
3702,1
3703,0
3704,0
3705,0
3706,0
3707,0
3708,1
3709,1
3710,1
3711,1
3712,1
3713,1
3714,1
3715,1
3716,1
3717,1
3718,1
3719,1
3720,1
3721,1
3722,1
3723,0
3724,0
3725,1
3726,1
3727,0
3728,1
3729,0
3730,1
3731,0
3732,1
3733,0
3734,1
3735,0
3736,1
3737,1
3738,1
3739,1
3740,1
3741,1
3742,1
3743,0
3744,1
3745,1
3746,0
3747,0
3748,1
3749,0
3750,0
3751,1
3752,0
3753,1
3754,1
3755,1
3756,0
3757,0
3758,1
3759,1
3760,1
3761,1
3762,1
3763,1
3764,1
3765,1
3766,1
3767,0
3768,1
3769,1
3770,1
3771,1
3772,1
3773,0
3774,1
3775,0
3776,1
3777,0
3778,0
3779,1
3780,1
3781,1
3782,1
3783,1
3784,0
3785,0
3786,0
3787,1
3788,1
3789,0
3790,1
3791,1
3792,0
3793,1
3794,1
3795,1
3796,0
3797,1
3798,1
3799,0
3800,1
3801,1
3802,1
3803,1
3804,1
3805,1
3806,1
3807,0
3808,0
3809,0
3810,0
3811,1
3812,1
3813,0
3814,0
3815,1
3816,0
3817,1
3818,1
3819,1
3820,0
3821,1
3822,1
3823,0
3824,1
3825,1
3826,1
3827,0
3828,1
3829,0
3830,1
3831,1
3832,1
3833,1
3834,0
3835,1
3836,1
3837,1
3838,1
3839,0
3840,1
3841,1
3842,0
3843,0
3844,1
3845,0
3846,1
3847,0
3848,1
3849,1
3850,1
3851,1
3852,1
3853,1
3854,1
3855,1
3856,1
3857,1
3858,0
3859,1
3860,1
3861,1
3862,1
3863,1
3864,1
3865,1
3866,0
3867,0
3868,1
3869,0
3870,1
3871,1
3872,0
3873,1
3874,1
3875,0
3876,1
3877,1
3878,1
3879,0
3880,0
3881,1
3882,1
3883,0
3884,1
3885,0
3886,1
3887,1
3888,1
3889,0
3890,0
3891,1
3892,1
3893,1
3894,1
3895,0
3896,1
3897,1
3898,0
3899,1
3900,0
3901,1
3902,1
3903,0
3904,1
3905,1
3906,0
3907,1
3908,0
3909,1
3910,1
3911,1
3912,0
3913,1
3914,0
3915,0
3916,1
3917,0
3918,1
3919,0
3920,0
3921,1
3922,1
3923,0
3924,0
3925,1
3926,1
3927,0
3928,1
3929,0
3930,1
3931,1
3932,0
3933,1
3934,1
3935,1
3936,1
3937,1
3938,0
3939,1
3940,1
3941,1
3942,1
3943,1
3944,1
3945,0
3946,1
3947,1
3948,1
3949,1
3950,1
3951,1
3952,0
3953,1
3954,1
3955,1
3956,1
3957,1
3958,0
3959,1
3960,1
3961,0
3962,0
3963,1
3964,1
3965,1
3966,1
3967,1
3968,1
3969,1
3970,1
3971,1
3972,0
3973,1
3974,0
3975,1
3976,1
3977,0
3978,1
3979,1
3980,1
3981,1
3982,1
3983,0
3984,1
3985,1
3986,0
3987,1
3988,1
3989,1
3990,1
3991,1
3992,1
3993,1
3994,0
3995,0
3996,1
3997,0
3998,1
3999,1
4000,0
4001,1
4002,0
4003,1
4004,1
4005,1
4006,1
4007,1
4008,1
4009,0
4010,1
4011,1
4012,0
4013,0
4014,1
4015,0
4016,0
4017,0
4018,1
4019,1
4020,0
4021,0
4022,1
4023,1
4024,1
4025,1
4026,1
4027,0
4028,1
4029,0
4030,1
4031,1
4032,1
4033,1
4034,1
4035,0
4036,0
4037,0
4038,0
4039,1
4040,1
4041,1
4042,0
4043,0
4044,1
4045,0
4046,1
4047,0
4048,1
4049,1
4050,1
4051,0
4052,1
4053,1
4054,1
4055,0
4056,1
4057,1
4058,1
4059,0
4060,1
4061,1
4062,1
4063,1
4064,1
4065,1
4066,1
4067,1
4068,1
4069,0
4070,0
4071,1
4072,0
4073,1
4074,1
4075,0
4076,1
4077,0
4078,1
4079,0
4080,1
4081,1
4082,1
4083,1
4084,1
4085,0
4086,1
4087,1
4088,1
4089,0
4090,1
4091,1
4092,1
4093,0
4094,1
4095,1
4096,1
4097,1
4098,1
4099,0
4100,0
4101,1
4102,1
4103,1
4104,0
4105,1
4106,1
4107,1
4108,1
4109,0
4110,0
4111,0
4112,1
4113,0
4114,0
4115,1
4116,0
4117,0
4118,1
4119,1
4120,1
4121,1
4122,1
4123,1
4124,1
4125,1
4126,0
4127,1
4128,1
4129,1
4130,0
4131,1
4132,1
4133,1
4134,0
4135,1
4136,1
4137,0
4138,1
4139,1
4140,1
4141,1
4142,0
4143,0
4144,1
4145,1
4146,0
4147,0
4148,1
4149,1
4150,1
4151,1
4152,0
4153,1
4154,1
4155,0
4156,0
4157,0
4158,1
4159,1
4160,1
4161,1
4162,1
4163,0
4164,1
4165,1
4166,1
4167,1
4168,1
4169,0
4170,0
4171,1
4172,1
4173,1
4174,1
4175,1
4176,1
4177,1
4178,0
4179,1
4180,0
4181,1
4182,1
4183,1
4184,1
4185,1
4186,1
4187,0
4188,0
4189,1
4190,1
4191,1
4192,1
4193,1
4194,1
4195,1
4196,1
4197,1
4198,0
4199,1
4200,0
4201,0
4202,1
4203,0
4204,0
4205,1
4206,1
4207,1
4208,1
4209,0
4210,0
4211,1
4212,1
4213,1
4214,1
4215,1
4216,1
4217,1
4218,0
4219,1
4220,1
4221,1
4222,1
4223,0
4224,1
4225,0
4226,1
4227,1
4228,1
4229,0
4230,1
4231,1
4232,1
4233,1
4234,0
4235,1
4236,1
4237,1
4238,1
4239,1
4240,1
4241,1
4242,0
4243,1
4244,0
4245,0
4246,1
4247,0
4248,1
4249,1
4250,1
4251,1
4252,0
4253,1
4254,1
4255,1
4256,1
4257,1
4258,1
4259,0
4260,1
4261,0
4262,0
4263,1
4264,1
4265,0
4266,1
4267,1
4268,1
4269,1
4270,1
4271,1
4272,1
4273,1
4274,1
4275,1
4276,0
4277,0
4278,1
4279,1
4280,1
4281,1
4282,1
4283,1
4284,0
4285,1
4286,0
4287,1
4288,1
4289,1
4290,0
4291,1
4292,1
4293,1
4294,1
4295,0
4296,1
4297,0
4298,1
4299,1
4300,0
4301,1
4302,1
4303,1
4304,1
4305,1
4306,1
4307,0
4308,1
4309,1
4310,1
4311,1
4312,0
4313,1
4314,1
4315,1
4316,1
4317,1
4318,1
4319,1
4320,1
4321,1
4322,1
4323,1
4324,1
4325,1
4326,1
4327,1
4328,1
4329,0
4330,0
4331,1
4332,0
4333,1
4334,1
4335,1
4336,1
4337,1
4338,1
4339,0
4340,0
4341,1
4342,1
4343,1
4344,1
4345,1
4346,1
4347,1
4348,0
4349,1
4350,1
4351,1
4352,0
4353,1
4354,0
4355,0
4356,0
4357,0
4358,1
4359,0
4360,1
4361,1
4362,0
4363,1
4364,1
4365,0
4366,0
4367,0
4368,0
4369,0
4370,1
4371,1
4372,0
4373,1
4374,1
4375,1
4376,1
4377,1
4378,1
4379,1
4380,1
4381,1
4382,1
4383,1
4384,1
4385,1
4386,1
4387,1
4388,0
4389,1
4390,1
4391,1
4392,0
4393,1
4394,1
4395,0
4396,1
4397,1
4398,1
4399,0
4400,0
4401,0
4402,0
4403,1
4404,0
4405,1
4406,1
4407,1
4408,1
4409,1
4410,1
4411,1
4412,1
4413,0
4414,0
4415,0
4416,0
4417,1
4418,1
4419,0
4420,1
4421,1
4422,1
4423,1
4424,0
4425,1
4426,0
4427,1
4428,0
4429,0
4430,1
4431,0
4432,1
4433,1
4434,1
4435,0
4436,1
4437,1
4438,1
4439,0
4440,0
4441,0
4442,1
4443,0
4444,1
4445,1
4446,1
4447,1
4448,0
4449,0
4450,1
4451,0
4452,0
4453,0
4454,1
4455,1
4456,0
4457,1
4458,0
4459,0
4460,0
4461,1
4462,0
4463,1
4464,0
4465,1
4466,1
4467,1
4468,1
4469,1
4470,0
4471,1
4472,1
4473,0
4474,1
4475,1
4476,1
4477,1
4478,1
4479,1
4480,1
4481,1
4482,1
4483,1
4484,1
4485,0
4486,0
4487,1
4488,0
4489,1
4490,1
4491,0
4492,1
4493,1
4494,1
4495,1
4496,1
4497,0
4498,0
4499,0
4500,1
4501,1
4502,1
4503,1
4504,0
4505,1
4506,1
4507,1
4508,1
4509,1
4510,1
4511,1
4512,0
4513,0
4514,0
4515,0
4516,0
4517,1
4518,1
4519,0
4520,1
4521,0
4522,1
4523,0
4524,0
4525,1
4526,1
4527,1
4528,1
4529,1
4530,0
4531,1
4532,0
4533,1
4534,0
4535,1
4536,1
4537,1
4538,1
4539,0
4540,1
4541,1
4542,1
4543,0
4544,1
4545,1
4546,1
4547,0
4548,1
4549,1
4550,1
4551,1
4552,1
4553,1
4554,1
4555,1
4556,1
4557,1
4558,0
4559,1
4560,1
4561,1
4562,1
4563,1
4564,0
4565,1
4566,0
4567,1
4568,1
4569,1
4570,1
4571,1
4572,0
4573,1
4574,1
4575,0
4576,1
4577,1
4578,1
4579,1
4580,1
4581,1
4582,0
4583,1
4584,1
4585,0
4586,1
4587,1
4588,1
4589,1
4590,1
4591,1
4592,1
4593,1
4594,1
4595,1
4596,0
4597,0
4598,1
4599,1
4600,1
4601,1
4602,1
4603,1
4604,0
4605,0
4606,1
4607,1
4608,1
4609,1
4610,1
4611,1
4612,1
4613,1
4614,1
4615,1
4616,0
4617,1
4618,0
4619,0
4620,1
4621,0
4622,1
4623,1
4624,0
4625,1
4626,1
4627,1
4628,1
4629,0
4630,1
4631,1
4632,1
4633,1
4634,0
4635,0
4636,1
4637,1
4638,1
4639,1
4640,1
4641,1
4642,1
4643,1
4644,1
4645,1
4646,1
4647,1
4648,1
4649,1
4650,0
4651,1
4652,1
4653,0
4654,1
4655,1
4656,1
4657,1
4658,1
4659,0
4660,1
4661,1
4662,1
4663,0
4664,0
4665,0
4666,1
4667,1
4668,1
4669,1
4670,1
4671,0
4672,1
4673,1
4674,0
4675,1
4676,0
4677,1
4678,0
4679,1
4680,0
4681,0
4682,1
4683,1
4684,0
4685,1
4686,1
4687,1
4688,1
4689,0
4690,1
4691,0
4692,1
4693,1
4694,1
4695,1
4696,1
4697,0
4698,1
4699,1
4700,1
4701,1
4702,1
4703,1
4704,1
4705,0
4706,1
4707,0
4708,1
4709,0
4710,1
4711,1
4712,1
4713,1
4714,1
4715,1
4716,0
4717,1
4718,0
4719,0
4720,1
4721,0
4722,0
4723,1
4724,0
4725,1
4726,1
4727,0
4728,0
4729,1
4730,1
4731,1
4732,1
4733,1
4734,1
4735,0
4736,0
4737,1
4738,0
4739,1
4740,0
4741,1
4742,1
4743,1
4744,1
4745,1
4746,1
4747,1
4748,1
4749,0
4750,1
4751,0
4752,1
4753,0
4754,1
4755,0
4756,0
4757,1
4758,0
4759,1
4760,1
4761,0
4762,0
4763,1
4764,0
4765,0
4766,0
4767,1
4768,0
4769,1
4770,0
4771,1
4772,1
4773,0
4774,1
4775,0
4776,1
4777,1
4778,1
4779,1
4780,0
4781,0
4782,1
4783,1
4784,0
4785,0
4786,1
4787,1
4788,1
4789,1
4790,1
4791,0
4792,1
4793,0
4794,0
4795,0
4796,1
4797,0
4798,1
4799,0
4800,1
4801,1
4802,1
4803,0
4804,1
4805,0
4806,0
4807,1
4808,0
4809,0
4810,0
4811,1
4812,1
4813,1
4814,0
4815,1
4816,0
4817,1
4818,1
4819,0
4820,0
4821,0
4822,0
4823,1
4824,1
4825,0
4826,0
4827,1
4828,0
4829,1
4830,0
4831,1
4832,0
4833,1
4834,1
4835,1
4836,0
4837,0
4838,1
4839,1
4840,1
4841,0
4842,1
4843,0
4844,1
4845,0
4846,1
4847,1
4848,0
4849,0
4850,1
4851,1
4852,1
4853,0
4854,1
4855,1
4856,1
4857,1
4858,0
4859,0
4860,1
4861,0
4862,0
4863,0
4864,1
4865,1
4866,1
4867,0
4868,0
4869,1
4870,1
4871,1
4872,1
4873,0
4874,1
4875,1
4876,1
4877,1
4878,1
4879,1
4880,0
4881,0
4882,1
4883,1
4884,1
4885,0
4886,1
4887,1
4888,0
4889,1
4890,1
4891,1
4892,1
4893,1
4894,1
4895,1
4896,1
4897,1
4898,0
4899,1
4900,1
4901,0
4902,1
4903,1
4904,0
4905,0
4906,1
4907,1
4908,1
4909,0
4910,1
4911,1
4912,0
4913,0
4914,1
4915,1
4916,1
4917,0
4918,1
4919,1
4920,0
4921,1
4922,1
4923,1
4924,1
4925,1
4926,0
4927,1
4928,0
4929,1
4930,0
4931,0
4932,0
4933,1
4934,1
4935,1
4936,1
4937,1
4938,1
4939,1
4940,0
4941,1
4942,0
4943,1
4944,1
4945,0
4946,1
4947,0
4948,1
4949,0
4950,0
4951,1
4952,0
4953,1
4954,1
4955,1
4956,0
4957,1
4958,0
4959,0
4960,1
4961,1
4962,1
4963,1
4964,0
4965,1
4966,1
4967,1
4968,0
4969,1
4970,1
4971,1
4972,1
4973,0
4974,0
4975,1
4976,1
4977,1
4978,0
4979,0
4980,1
4981,1
4982,1
4983,0
4984,0
4985,1
4986,0
4987,0
4988,1
4989,1
4990,0
4991,0
4992,0
4993,0
4994,1
4995,1
4996,1
4997,1
4998,0
4999,1
5000,0
5001,0
5002,1
5003,1
5004,1
5005,0
5006,0
5007,1
5008,1
5009,0
5010,1
5011,0
5012,1
5013,1
5014,1
5015,1
5016,0
5017,1
5018,1
5019,1
5020,1
5021,1
5022,1
5023,0
5024,1
5025,1
5026,1
5027,1
5028,0
5029,1
5030,0
5031,1
5032,0
5033,1
5034,0
5035,1
5036,1
5037,1
5038,0
5039,0
5040,1
5041,0
5042,1
5043,0
5044,0
5045,1
5046,0
5047,1
5048,1
5049,1
5050,0
5051,1
5052,1
5053,0
5054,1
5055,1
5056,1
5057,1
5058,1
5059,0
5060,1
5061,1
5062,0
5063,0
5064,1
5065,1
5066,1
5067,1
5068,0
5069,1
5070,0
5071,1
5072,1
5073,1
5074,0
5075,0
5076,1
5077,0
5078,1
5079,0
5080,1
5081,1
5082,0
5083,0
5084,1
5085,1
5086,1
5087,0
5088,0
5089,1
5090,0
5091,0
5092,0
5093,1
5094,0
5095,0
5096,1
5097,1
5098,1
5099,0
5100,1
5101,1
5102,1
5103,0
5104,1
5105,1
5106,1
5107,1
5108,0
5109,0
5110,1
5111,1
5112,1
5113,1
5114,1
5115,1
5116,1
5117,0
5118,0
5119,1
5120,0
5121,0
5122,1
5123,1
5124,0
5125,1
5126,0
5127,1
5128,1
5129,1
5130,1
5131,1
5132,1
5133,1
5134,1
5135,1
5136,1
5137,0
5138,0
5139,0
5140,0
5141,1
5142,0
5143,1
5144,0
5145,0
5146,1
5147,0
5148,1
5149,0
5150,1
5151,0
5152,0
5153,1
5154,0
5155,1
5156,1
5157,1
5158,0
5159,1
5160,0
5161,1
5162,0
5163,1
5164,1
5165,0
5166,1
5167,1
5168,1
5169,1
5170,1
5171,1
5172,1
5173,0
5174,1
5175,1
5176,1
5177,1
5178,1
5179,1
5180,0
5181,1
5182,1
5183,1
5184,1
5185,1
5186,1
5187,0
5188,1
5189,0
5190,1
5191,0
5192,1
5193,1
5194,1
5195,1
5196,0
5197,1
5198,1
5199,1
5200,1
5201,1
5202,1
5203,0
5204,1
5205,1
5206,1
5207,1
5208,1
5209,0
5210,1
5211,1
5212,1
5213,1
5214,0
5215,1
5216,1
5217,1
5218,0
5219,1
5220,0
5221,0
5222,1
5223,1
5224,1
5225,1
5226,0
5227,1
5228,0
5229,1
5230,1
5231,0
5232,1
5233,1
5234,1
5235,1
5236,1
5237,0
5238,1
5239,1
5240,1
5241,0
5242,1
5243,1
5244,1
5245,1
5246,1
5247,0
5248,0
5249,1
5250,1
5251,0
5252,1
5253,1
5254,1
5255,1
5256,1
5257,0
5258,0
5259,0
5260,0
5261,1
5262,1
5263,1
5264,1
5265,1
5266,1
5267,0
5268,1
5269,1
5270,1
5271,0
5272,1
5273,1
5274,1
5275,1
5276,0
5277,1
5278,1
5279,1
5280,0
5281,1
5282,1
5283,0
5284,0
5285,0
5286,1
5287,0
5288,1
5289,1
5290,0
5291,1
5292,1
5293,1
5294,1
5295,0
5296,1
5297,1
5298,1
5299,1
5300,1
5301,0
5302,0
5303,1
5304,0
5305,0
5306,1
5307,1
5308,1
5309,0
5310,1
5311,1
5312,1
5313,1
5314,1
5315,0
5316,1
5317,1
5318,1
5319,1
5320,1
5321,0
5322,0
5323,1
5324,1
5325,1
5326,1
5327,1
5328,1
5329,0
5330,1
5331,0
5332,0
5333,1
5334,1
5335,0
5336,1
5337,1
5338,1
5339,1
5340,1
5341,1
5342,0
5343,0
5344,0
5345,1
5346,1
5347,1
5348,1
5349,1
5350,1
5351,1
5352,1
5353,1
5354,1
5355,1
5356,1
5357,1
5358,0
5359,1
5360,1
5361,1
5362,1
5363,1
5364,0
5365,1
5366,0
5367,1
5368,1
5369,1
5370,1
5371,0
5372,0
5373,0
5374,1
5375,1
5376,1
5377,0
5378,1
5379,1
5380,0
5381,0
5382,0
5383,1
5384,0
5385,1
5386,0
5387,0
5388,1
5389,1
5390,1
5391,0
5392,1
5393,1
5394,0
5395,0
5396,0
5397,1
5398,1
5399,1
5400,0
5401,1
5402,1
5403,1
5404,1
5405,1
5406,1
5407,1
5408,0
5409,1
5410,1
5411,1
5412,1
5413,0
5414,1
5415,1
5416,1
5417,1
5418,1
5419,1
5420,0
5421,1
5422,0
5423,1
5424,1
5425,0
5426,1
5427,1
5428,0
5429,1
5430,1
5431,0
5432,1
5433,0
5434,1
5435,0
5436,1
5437,1
5438,1
5439,1
5440,1
5441,0
5442,0
5443,1
5444,0
5445,1
5446,1
5447,1
5448,1
5449,0
5450,1
5451,0
5452,1
5453,1
5454,0
5455,0
5456,1
5457,1
5458,1
5459,1
5460,1
5461,0
5462,1
5463,0
5464,1
5465,1
5466,0
5467,1
5468,1
5469,0
5470,1
5471,1
5472,1
5473,1
5474,1
5475,1
5476,1
5477,1
5478,0
5479,1
5480,1
5481,0
5482,1
5483,1
5484,1
5485,0
5486,0
5487,0
5488,1
5489,1
5490,1
5491,1
5492,1
5493,0
5494,0
5495,1
5496,1
5497,1
5498,0
5499,1
5500,1
5501,1
5502,0
5503,0
5504,1
5505,1
5506,1
5507,1
5508,0
5509,0
5510,1
5511,1
5512,0
5513,1
5514,0
5515,1
5516,1
5517,1
5518,0
5519,1
5520,1
5521,1
5522,1
5523,1
5524,1
5525,1
5526,0
5527,1
5528,1
5529,0
5530,0
5531,1
5532,0
5533,1
5534,1
5535,1
5536,1
5537,1
5538,1
5539,1
5540,1
5541,1
5542,1
5543,1
5544,1
5545,1
5546,0
5547,1
5548,1
5549,0
5550,0
5551,0
5552,0
5553,1
5554,1
5555,1
5556,1
5557,0
5558,0
5559,0
5560,0
5561,1
5562,1
5563,0
5564,1
5565,1
5566,1
5567,1
5568,1
5569,1
5570,0
5571,1
5572,0
5573,1
5574,1
5575,0
5576,0
5577,0
5578,1
5579,0
5580,1
5581,1
5582,1
5583,1
5584,1
5585,0
5586,1
5587,1
5588,1
5589,1
5590,1
5591,1
5592,1
5593,1
5594,0
5595,1
5596,0
5597,1
5598,1
5599,1
5600,0
5601,1
5602,1
5603,1
5604,1
5605,0
5606,1
5607,1
5608,1
5609,1
5610,1
5611,1
5612,1
5613,0
5614,1
5615,0
5616,0
5617,0
5618,1
5619,0
5620,1
5621,1
5622,0
5623,0
5624,0
5625,0
5626,1
5627,1
5628,0
5629,0
5630,1
5631,1
5632,1
5633,1
5634,1
5635,1
5636,1
5637,1
5638,1
5639,1
5640,0
5641,0
5642,1
5643,0
5644,0
5645,0
5646,1
5647,0
5648,1
5649,1
5650,1
5651,0
5652,0
5653,1
5654,1
5655,1
5656,1
5657,1
5658,1
5659,1
5660,1
5661,0
5662,1
5663,1
5664,1
5665,1
5666,0
5667,1
5668,1
5669,1
5670,1
5671,1
5672,1
5673,1
5674,1
5675,1
5676,1
5677,1
5678,1
5679,1
5680,0
5681,0
5682,1
5683,0
5684,1
5685,1
5686,0
5687,1
5688,1
5689,0
5690,0
5691,0
5692,1
5693,1
5694,1
5695,1
5696,1
5697,1
5698,1
5699,1
5700,1
5701,1
5702,1
5703,1
5704,1
5705,0
5706,0
5707,0
5708,1
5709,1
5710,0
5711,0
5712,1
5713,1
5714,1
5715,0
5716,1
5717,1
5718,1
5719,1
5720,1
5721,1
5722,0
5723,1
5724,1
5725,0
5726,0
5727,1
5728,1
5729,0
5730,1
5731,1
5732,1
5733,1
5734,1
5735,0
5736,1
5737,0
5738,1
5739,1
5740,0
5741,1
5742,1
5743,1
5744,1
5745,1
5746,1
5747,1
5748,1
5749,1
5750,1
5751,1
5752,1
5753,0
5754,1
5755,1
5756,0
5757,0
5758,1
5759,0
5760,1
5761,0
5762,0
5763,1
5764,1
5765,0
5766,0
5767,1
5768,1
5769,1
5770,1
5771,1
5772,1
5773,1
5774,1
5775,0
5776,0
5777,1
5778,1
5779,0
5780,0
5781,1
5782,1
5783,0
5784,0
5785,1
5786,1
5787,1
5788,1
5789,1
5790,1
5791,0
5792,1
5793,1
5794,1
5795,1
5796,1
5797,1
5798,0
5799,0
5800,0
5801,1
5802,1
5803,1
5804,0
5805,1
5806,1
5807,0
5808,1
5809,1
5810,1
5811,1
5812,1
5813,1
5814,1
5815,0
5816,1
5817,1
5818,1
5819,1
5820,1
5821,1
5822,1
5823,1
5824,0
5825,0
5826,0
5827,1
5828,0
5829,1
5830,1
5831,0
5832,1
5833,1
5834,0
5835,1
5836,1
5837,0
5838,1
5839,1
5840,1
5841,1
5842,1
5843,0
5844,0
5845,1
5846,1
5847,1
5848,1
5849,1
5850,0
5851,1
5852,0
5853,1
5854,0
5855,1
5856,1
5857,0
5858,0
5859,1
5860,0
5861,0
5862,1
5863,1
5864,1
5865,0
5866,1
5867,1
5868,1
5869,1
5870,1
5871,0
5872,1
5873,0
5874,1
5875,1
5876,1
5877,1
5878,1
5879,1
5880,1
5881,1
5882,1
5883,1
5884,1
5885,1
5886,0
5887,1
5888,1
5889,1
5890,1
5891,1
5892,1
5893,1
5894,1
5895,0
5896,1
5897,1
5898,1
5899,0
5900,1
5901,1
5902,1
5903,1
5904,0
5905,0
5906,1
5907,0
5908,1
5909,0
5910,1
5911,1
5912,1
5913,0
5914,0
5915,0
5916,1
5917,0
5918,1
5919,1
5920,0
5921,0
5922,1
5923,0
5924,1
5925,1
5926,1
5927,1
5928,0
5929,1
5930,1
5931,1
5932,0
5933,0
5934,0
5935,0
5936,0
5937,1
5938,0
5939,1
5940,0
5941,1
5942,1
5943,0
5944,0
5945,1
5946,0
5947,1
5948,1
5949,1
5950,0
5951,1
5952,0
5953,0
5954,0
5955,1
5956,1
5957,1
5958,0
5959,0
5960,0
5961,1
5962,1
5963,0
5964,1
5965,1
5966,1
5967,1
5968,1
5969,1
5970,1
5971,0
5972,1
5973,1
5974,1
5975,1
5976,1
5977,0
5978,0
5979,1
5980,1
5981,1
5982,1
5983,1
5984,1
5985,1
5986,1
5987,1
5988,0
5989,1
5990,1
5991,0
5992,1
5993,1
5994,1
5995,0
5996,1
5997,0
5998,1
5999,1
6000,0
6001,0
6002,1
6003,1
6004,1
6005,1
6006,1
6007,1
6008,0
6009,1
6010,1
6011,0
6012,1
6013,1
6014,1
6015,1
6016,0
6017,1
6018,1
6019,0
6020,0
6021,1
6022,0
6023,1
6024,1
6025,1
6026,1
6027,1
6028,1
6029,1
6030,1
6031,1
6032,1
6033,0
6034,0
6035,1
6036,1
6037,0
6038,1
6039,0
6040,1
6041,0
6042,0
6043,0
6044,0
6045,0
6046,1
6047,0
6048,1
6049,1
6050,1
6051,0
6052,1
6053,1
6054,0
6055,1
6056,1
6057,1
6058,1
6059,0
6060,1
6061,1
6062,0
6063,1
6064,0
6065,1
6066,0
6067,1
6068,1
6069,1
6070,0
6071,0
6072,0
6073,1
6074,1
6075,1
6076,1
6077,0
6078,0
6079,0
6080,1
6081,1
6082,1
6083,0
6084,1
6085,1
6086,1
6087,1
6088,0
6089,1
6090,0
6091,1
6092,1
6093,0
6094,1
6095,1
6096,1
6097,1
6098,1
6099,0
6100,0
6101,0
6102,1
6103,0
6104,0
6105,1
6106,0
6107,1
6108,0
6109,0
6110,1
6111,1
6112,1
6113,1
6114,1
6115,1
6116,1
6117,1
6118,1
6119,0
6120,0
6121,1
6122,0
6123,1
6124,1
6125,1
6126,1
6127,0
6128,1
6129,1
6130,1
6131,1
6132,1
6133,1
6134,1
6135,1
6136,1
6137,1
6138,1
6139,1
6140,1
6141,1
6142,0
6143,1
6144,1
6145,1
6146,1
6147,0
6148,1
6149,0
6150,1
6151,0
6152,0
6153,1
6154,0
6155,1
6156,1
6157,1
6158,1
6159,0
6160,0
6161,1
6162,1
6163,1
6164,1
6165,0
6166,0
6167,1
6168,1
6169,0
6170,1
6171,1
6172,0
6173,0
6174,1
6175,1
6176,1
6177,1
6178,1
6179,0
6180,0
6181,1
6182,1
6183,1
6184,1
6185,1
6186,1
6187,1
6188,1
6189,1
6190,0
6191,1
6192,1
6193,1
6194,0
6195,0
6196,1
6197,1
6198,1
6199,1
6200,1
6201,1
6202,1
6203,1
6204,1
6205,1
6206,0
6207,1
6208,0
6209,0
6210,1
6211,1
6212,1
6213,1
6214,1
6215,1
6216,0
6217,1
6218,1
6219,1
6220,1
6221,1
6222,0
6223,0
6224,1
6225,1
6226,1
6227,1
6228,1
6229,1
6230,1
6231,1
6232,0
6233,0
6234,1
6235,0
6236,1
6237,1
6238,1
6239,1
6240,1
6241,1
6242,1
6243,1
6244,0
6245,1
6246,1
6247,1
6248,0
6249,1
6250,1
6251,1
6252,0
6253,0
6254,1
6255,1
6256,1
6257,1
6258,1
6259,1
6260,1
6261,1
6262,1
6263,0
6264,1
6265,1
6266,1
6267,0
6268,1
6269,1
6270,1
6271,0
6272,1
6273,1
6274,0
6275,1
6276,1
6277,1
6278,1
6279,0
6280,1
6281,0
6282,1
6283,1
6284,1
6285,0
6286,0
6287,1
6288,0
6289,1
6290,0
6291,1
6292,1
6293,1
6294,0
6295,1
6296,0
6297,0
6298,1
6299,0
6300,1
6301,1
6302,1
6303,1
6304,0
6305,1
6306,1
6307,0
6308,1
6309,1
6310,1
6311,1
6312,1
6313,1
6314,0
6315,1
6316,1
6317,0
6318,0
6319,1
6320,1
6321,1
6322,1
6323,1
6324,0
6325,0
6326,0
6327,0
6328,0
6329,1
6330,0
6331,1
6332,1
6333,0
6334,1
6335,0
6336,0
6337,1
6338,1
6339,1
6340,1
6341,1
6342,0
6343,1
6344,1
6345,1
6346,0
6347,1
6348,0
6349,1
6350,1
6351,1
6352,0
6353,1
6354,0
6355,0
6356,1
6357,1
6358,1
6359,0
6360,1
6361,1
6362,1
6363,1
6364,1
6365,1
6366,1
6367,1
6368,1
6369,0
6370,0
6371,0
6372,1
6373,0
6374,1
6375,1
6376,1
6377,1
6378,1
6379,0
6380,1
6381,1
6382,1
6383,1
6384,1
6385,1
6386,1
6387,1
6388,0
6389,1
6390,1
6391,0
6392,1
6393,1
6394,1
6395,1
6396,1
6397,1
6398,1
6399,0
6400,1
6401,1
6402,0
6403,1
6404,1
6405,1
6406,0
6407,1
6408,1
6409,1
6410,1
6411,0
6412,1
6413,0
6414,1
6415,0
6416,0
6417,1
6418,0
6419,0
6420,1
6421,1
6422,1
6423,0
6424,1
6425,1
6426,1
6427,0
6428,1
6429,1
6430,1
6431,1
6432,1
6433,1
6434,1
6435,0
6436,0
6437,0
6438,0
6439,1
6440,1
6441,1
6442,1
6443,1
6444,1
6445,0
6446,1
6447,0
6448,1
6449,1
6450,0
6451,1
6452,1
6453,0
6454,1
6455,1
6456,1
6457,0
6458,1
6459,1
6460,1
6461,0
6462,0
6463,0
6464,1
6465,1
6466,1
6467,1
6468,1
6469,1
6470,0
6471,0
6472,1
6473,0
6474,0
6475,1
6476,1
6477,1
6478,1
6479,1
6480,1
6481,0
6482,1
6483,1
6484,0
6485,1
6486,0
6487,1
6488,1
6489,0
6490,1
6491,1
6492,1
6493,1
6494,1
6495,1
6496,1
6497,1
6498,1
6499,0
6500,0
6501,1
6502,1
6503,1
6504,1
6505,1
6506,0
6507,0
6508,1
6509,0
6510,1
6511,0
6512,1
6513,1
6514,0
6515,1
6516,1
6517,0
6518,1
6519,1
6520,0
6521,1
6522,1
6523,0
6524,0
6525,0
6526,1
6527,1
6528,1
6529,1
6530,1
6531,1
6532,0
6533,1
6534,0
6535,1
6536,1
6537,1
6538,0
6539,0
6540,1
6541,0
6542,1
6543,1
6544,1
6545,0
6546,1
6547,1
6548,0
6549,1
6550,1
6551,1
6552,1
6553,0
6554,0
6555,1
6556,0
6557,1
6558,1
6559,1
6560,0
6561,1
6562,0
6563,1
6564,0
6565,1
6566,1
6567,1
6568,1
6569,0
6570,1
6571,0
6572,1
6573,0
6574,1
6575,1
6576,0
6577,1
6578,1
6579,1
6580,1
6581,1
6582,1
6583,0
6584,1
6585,0
6586,0
6587,1
6588,0
6589,1
6590,1
6591,1
6592,1
6593,0
6594,1
6595,1
6596,1
6597,1
6598,1
6599,1
6600,1
6601,1
6602,1
6603,1
6604,1
6605,1
6606,0
6607,1
6608,1
6609,1
6610,1
6611,1
6612,1
6613,1
6614,1
6615,1
6616,0
6617,1
6618,1
6619,1
6620,1
6621,1
6622,0
6623,1
6624,1
6625,1
6626,0
6627,1
6628,1
6629,1
6630,1
6631,1
6632,0
6633,1
6634,1
6635,1
6636,1
6637,1
6638,1
6639,0
6640,1
6641,1
6642,0
6643,1
6644,1
6645,0
6646,1
6647,1
6648,1
6649,1
6650,0
6651,0
6652,1
6653,1
6654,1
6655,1
6656,1
6657,1
6658,0
6659,1
6660,1
6661,0
6662,0
6663,1
6664,0
6665,1
6666,1
6667,0
6668,1
6669,0
6670,1
6671,1
6672,0
6673,0
6674,1
6675,1
6676,1
6677,1
6678,0
6679,1
6680,0
6681,1
6682,1
6683,1
6684,1
6685,1
6686,0
6687,1
6688,1
6689,0
6690,0
6691,0
6692,1
6693,1
6694,1
6695,1
6696,1
6697,0
6698,1
6699,1
6700,0
6701,1
6702,1
6703,0
6704,1
6705,0
6706,1
6707,0
6708,0
6709,1
6710,0
6711,0
6712,1
6713,0
6714,1
6715,0
6716,0
6717,1
6718,1
6719,1
6720,0
6721,1
6722,1
6723,1
6724,0
6725,0
6726,1
6727,1
6728,0
6729,1
6730,1
6731,1
6732,1
6733,0
6734,1
6735,1
6736,1
6737,0
6738,1
6739,1
6740,0
6741,1
6742,0
6743,1
6744,1
6745,1
6746,0
6747,1
6748,1
6749,1
6750,1
6751,0
6752,1
6753,0
6754,1
6755,1
6756,0
6757,1
6758,1
6759,1
6760,1
6761,1
6762,1
6763,1
6764,1
6765,1
6766,1
6767,1
6768,1
6769,0
6770,0
6771,1
6772,1
6773,1
6774,1
6775,1
6776,0
6777,1
6778,1
6779,1
6780,1
6781,1
6782,1
6783,0
6784,1
6785,1
6786,1
6787,1
6788,1
6789,0
6790,1
6791,1
6792,1
6793,0
6794,0
6795,1
6796,1
6797,1
6798,1
6799,1
6800,1
6801,1
6802,0
6803,1
6804,1
6805,1
6806,1
6807,0
6808,1
6809,0
6810,1
6811,0
6812,1
6813,0
6814,1
6815,0
6816,1
6817,1
6818,0
6819,0
6820,0
6821,0
6822,0
6823,1
6824,1
6825,1
6826,1
6827,0
6828,0
6829,0
6830,1
6831,1
6832,1
6833,1
6834,0
6835,1
6836,1
6837,0
6838,1
6839,0
6840,1
6841,1
6842,0
6843,1
6844,0
6845,1
6846,0
6847,1
6848,0
6849,0
6850,1
6851,1
6852,0
6853,1
6854,0
6855,1
6856,1
6857,1
6858,0
6859,0
6860,1
6861,0
6862,0
6863,1
6864,1
6865,1
6866,1
6867,1
6868,1
6869,0
6870,1
6871,1
6872,0
6873,0
6874,0
6875,0
6876,0
6877,1
6878,1
6879,0
6880,1
6881,0
6882,0
6883,0
6884,0
6885,0
6886,1
6887,1
6888,0
6889,1
6890,0
6891,0
6892,1
6893,1
6894,1
6895,1
6896,1
6897,1
6898,1
6899,0
6900,1
6901,1
6902,0
6903,0
6904,0
6905,0
6906,1
6907,1
6908,1
6909,1
6910,0
6911,1
6912,1
6913,1
6914,0
6915,1
6916,1
6917,1
6918,0
6919,1
6920,0
6921,0
6922,1
6923,1
6924,1
6925,1
6926,1
6927,1
6928,1
6929,1
6930,1
6931,0
6932,1
6933,1
6934,1
6935,1
6936,1
6937,0
6938,0
6939,1
6940,1
6941,1
6942,1
6943,1
6944,0
6945,0
6946,1
6947,1
6948,1
6949,1
6950,1
6951,0
6952,0
6953,1
6954,1
6955,1
6956,1
6957,1
6958,1
6959,1
6960,1
6961,1
6962,1
6963,1
6964,1
6965,1
6966,1
6967,0
6968,1
6969,0
6970,1
6971,0
6972,1
6973,1
6974,0
6975,1
6976,0
6977,0
6978,1
6979,1
6980,1
6981,1
6982,1
6983,0
6984,0
6985,0
6986,0
6987,1
6988,0
6989,0
6990,0
6991,1
6992,1
6993,0
6994,0
6995,1
6996,1
6997,1
6998,1
6999,1
7000,1
7001,1
7002,1
7003,1
7004,0
7005,0
7006,1
7007,1
7008,0
7009,1
7010,0
7011,1
7012,1
7013,1
7014,1
7015,1
7016,0
7017,1
7018,1
7019,1
7020,0
7021,1
7022,1
7023,1
7024,0
7025,1
7026,1
7027,1
7028,1
7029,0
7030,1
7031,1
7032,0
7033,1
7034,1
7035,1
7036,1
7037,1
7038,1
7039,1
7040,1
7041,0
7042,1
7043,1
7044,1
7045,0
7046,1
7047,0
7048,1
7049,0
7050,1
7051,1
7052,1
7053,1
7054,1
7055,1
7056,0
7057,1
7058,0
7059,1
7060,0
7061,0
7062,1
7063,1
7064,0
7065,0
7066,1
7067,1
7068,0
7069,1
7070,0
7071,1
7072,0
7073,1
7074,1
7075,0
7076,0
7077,0
7078,1
7079,1
7080,0
7081,1
7082,1
7083,1
7084,1
7085,0
7086,0
7087,1
7088,1
7089,1
7090,1
7091,1
7092,1
7093,1
7094,0
7095,1
7096,0
7097,1
7098,1
7099,1
7100,1
7101,0
7102,1
7103,0
7104,1
7105,1
7106,0
7107,1
7108,1
7109,0
7110,0
7111,1
7112,0
7113,1
7114,1
7115,0
7116,1
7117,0
7118,0
7119,1
7120,0
7121,1
7122,1
7123,0
7124,1
7125,1
7126,1
7127,1
7128,1
7129,0
7130,0
7131,1
7132,1
7133,0
7134,1
7135,0
7136,1
7137,0
7138,0
7139,1
7140,1
7141,1
7142,1
7143,0
7144,0
7145,1
7146,0
7147,1
7148,1
7149,0
7150,1
7151,0
7152,1
7153,1
7154,1
7155,0
7156,1
7157,1
7158,1
7159,1
7160,1
7161,1
7162,1
7163,1
7164,1
7165,0
7166,1
7167,1
7168,1
7169,1
7170,0
7171,1
7172,0
7173,0
7174,0
7175,1
7176,1
7177,1
7178,0
7179,1
7180,1
7181,0
7182,0
7183,1
7184,1
7185,1
7186,0
7187,0
7188,1
7189,1
7190,0
7191,1
7192,0
7193,0
7194,1
7195,0
7196,0
7197,1
7198,1
7199,1
7200,1
7201,0
7202,1
7203,1
7204,1
7205,0
7206,1
7207,0
7208,0
7209,0
7210,1
7211,0
7212,0
7213,1
7214,0
7215,0
7216,1
7217,1
7218,0
7219,0
7220,0
7221,0
7222,0
7223,1
7224,1
7225,0
7226,1
7227,1
7228,1
7229,1
7230,1
7231,1
7232,1
7233,0
7234,1
7235,0
7236,1
7237,1
7238,0
7239,0
7240,1
7241,0
7242,1
7243,0
7244,1
7245,1
7246,1
7247,1
7248,1
7249,1
7250,0
7251,1
7252,1
7253,1
7254,1
7255,1
7256,1
7257,1
7258,1
7259,0
7260,1
7261,1
7262,0
7263,1
7264,1
7265,0
7266,1
7267,1
7268,0
7269,0
7270,1
7271,1
7272,1
7273,1
7274,1
7275,1
7276,0
7277,1
7278,1
7279,1
7280,0
7281,1
7282,1
7283,1
7284,1
7285,0
7286,1
7287,0
7288,1
7289,1
7290,1
7291,1
7292,1
7293,1
7294,1
7295,0
7296,0
7297,1
7298,0
7299,1
7300,1
7301,1
7302,0
7303,0
7304,1
7305,1
7306,1
7307,1
7308,1
7309,0
7310,1
7311,1
7312,1
