"TransactionNumber","IsFraud"
963,0
1693,0
4383,0
1350,1
4145,0
1981,1
1288,0
3492,0
1370,0
3702,0
550,0
1827,0
167,1
3778,1
3420,0
3434,0
2168,0
2367,1
2493,0
3545,0
3104,0
1168,0
2839,0
1476,0
2972,0
3447,1
698,0
2497,1
1973,1
3403,0
2792,0
3451,0
2516,0
4548,0
4705,0
1702,1
2554,0
4321,1
4769,0
516,0
3803,1
3112,1
2235,0
1289,0
2218,0
1596,0
4013,0
1108,0
1090,0
4346,0
3934,0
1556,1
700,1
2792,0
1843,0
2651,0
1673,0
4450,0
4812,0
4062,1
4263,1
2857,0
3491,1
3229,1
4989,1
4677,0
1740,0
1829,0
4279,0
3084,0
779,0
2282,1
4651,0
830,1
4484,1
3327,0
4400,0
2377,1
1680,1
2209,1
3747,1
3412,1
3945,0
1665,0
2853,1
3147,0
2682,0
1538,1
4317,0
1773,1
3144,0
1655,1
3715,0
4464,0
2096,0
787,0
4299,0
4068,0
168,0
528,1
4204,0
4934,1
4111,1
2578,0
3936,1
3261,1
1238,0
4439,1
1600,1
1092,1
3903,0
4950,0
1852,0
1716,0
3782,1
3050,0
3395,0
1526,0
15,1
879,0
1408,0
4422,1
28,1
3945,0
1864,0
4757,1
969,0
1826,0
3276,0
4763,0
2944,1
2915,1
434,0
2558,0
1863,1
3364,0
2400,0
1421,0
4427,0
4394,1
3416,1
4635,0
2702,1
999,1
46,1
2885,1
1769,0
2920,1
160,0
1521,0
4209,1
4433,0
1420,0
1615,1
4674,1
171,0
3841,0
1873,0
166,1
3923,0
1482,0
1256,1
4543,0
627,0
1199,1
2544,0
279,1
2807,1
44,1
2074,0
4634,0
407,0
887,1
2290,0
4726,1
3894,1
4684,1
4454,0
3386,0
3502,0
4679,0
2849,1
706,0
316,0
3480,1
4238,1
1943,0
1087,1
4943,0
4719,0
122,0
3210,1
982,1
1879,1
3341,1
1943,0
551,1
2592,1
1987,0
2743,0
877,0
3971,1
1433,0
4373,1
1350,1
1495,1
2890,1
496,0
4071,1
4017,0
3341,0
1416,0
1511,0
622,1
4598,1
100,0
3778,0
3762,0
1063,1
1092,1
1034,0
2658,0
1867,0
3579,1
72,0
3919,0
1269,0
434,0
1855,0
1442,0
4350,1
1294,0
3518,1
2692,0
4508,1
3534,0
3923,0
4866,0
2782,1
1446,0
2348,0
16,1
2938,1
1741,0
4793,1
2677,0
349,1
2359,1
2661,0
46,1
712,0
3121,1
3373,0
796,0
4799,0
3129,0
2027,0
2767,0
4730,0
1693,1
1464,0
442,1
3894,1
1514,0
2953,1
1723,0
3942,1
1308,0
1134,0
4476,1
196,1
288,0
1239,0
4558,0
1301,1
2554,0
321,0
2478,1
3678,0
264,1
3033,1
3607,1
2044,1
1595,0
2072,1
4333,1
4322,1
3298,1
780,1
1805,0
4564,0
1383,1
1981,0
651,1
1586,1
872,1
2268,0
3646,0
4148,1
2680,1
3661,0
3341,0
4922,0
137,1
2307,0
4073,1
3506,0
946,1
1036,1
4542,1
3987,1
200,0
3600,1
3651,0
4523,1
2405,0
2232,1
2980,1
2644,0
499,0
427,0
2474,1
3295,0
825,0
3089,1
4476,1
1663,0
3653,0
1388,0
1088,1
3409,1
3420,0
2348,1
3164,0
3117,1
902,1
1106,0
1724,1
2828,1
4772,0
4615,0
1725,0
999,1
4613,1
2644,0
351,0
2205,1
48,0
367,0
4722,1
3779,1
2405,0
3107,0
4017,0
2634,1
4036,0
4924,0
3954,1
2786,0
4270,1
2809,1
3295,1
2389,0
3443,0
399,0
3386,0
3604,0
4855,0
3319,0
2935,0
1482,0
1862,0
3150,1
655,1
385,0
3542,0
1353,1
78,0
2199,1
3953,1
1115,1
1637,1
2547,1
1516,0
2616,1
3030,0
4635,0
1211,0
2155,0
3323,1
378,0
4521,0
2393,1
171,0
1590,1
2131,1
4504,0
2515,0
1832,1
1909,0
2876,0
4641,1
1727,0
264,0
2872,1
1535,0
4569,0
4108,0
4904,1
2523,1
3558,0
1687,0
2376,0
93,0
4346,0
3243,0
1646,1
1184,1
1256,0
1793,1
4290,0
1092,1
2530,1
228,0
1438,0
2524,0
3075,1
3333,0
4943,0
102,1
4179,0
2475,0
4814,1
4895,1
3531,0
3800,0
3617,1
4854,0
35,0
4738,1
3119,0
4889,0
4909,0
3348,1
4161,1
554,0
4953,1
4709,1
2273,0
3726,0
4953,1
999,1
4459,0
2184,1
3989,0
778,0
2758,0
4302,0
949,0
4571,0
3120,1
625,0
4553,1
4507,0
1637,1
3923,0
3141,1
3958,1
3999,1
4532,0
3328,0
3851,1
3727,1
2645,0
4066,1
2357,0
1436,0
1224,1
1320,0
4888,1
1959,0
2385,0
2720,0
1398,1
4643,0
2670,0
2433,1
3673,0
2896,1
573,1
1837,0
1240,0
3045,1
3030,0
142,0
4423,0
1615,1
2621,0
1642,0
3059,0
3149,0
744,0
341,1
2245,1
617,1
3261,1
2882,1
1408,1
1295,1
2566,1
168,1
1650,0
1635,1
591,0
10,0
3484,1
4192,0
4893,1
3087,1
3096,0
2862,0
2413,1
3419,1
874,0
724,0
4768,1
4864,0
139,1
1080,0
735,0
219,0
3827,0
4439,0
2243,0
1517,0
1366,0
4004,0
2569,1
2092,0
1235,1
3876,0
2648,1
3029,0
917,0
4468,1
2864,1
2831,0
2584,1
1022,1
2362,1
3608,1
2458,0
343,0
2613,0
2168,0
3766,0
1822,0
1411,1
1123,0
2574,1
837,1
3226,0
4898,0
4445,0
3702,0
4721,0
4822,0
845,1
4093,0
2584,1
1356,0
2476,0
2907,0
3202,1
2525,0
885,1
4615,0
1201,0
2583,1
3018,0
1700,1
867,0
3496,0
1711,1
1955,0
2049,0
928,0
4818,0
4233,0
3105,0
4500,0
144,1
2032,0
1926,1
337,1
2833,0
250,0
2594,1
2768,0
3080,0
1034,1
1604,1
3025,0
4378,1
1180,0
4947,0
51,0
1707,0
3581,0
753,1
6,0
618,1
1446,0
2683,1
4928,1
4846,1
967,1
1055,1
1918,0
42,0
67,1
420,0
896,0
1086,0
399,0
3835,1
3271,1
3688,0
2025,0
1419,0
3255,1
4390,1
1268,0
1344,0
4570,0
1505,0
4272,0
3034,1
1013,0
1440,0
4318,0
3518,0
1737,1
83,0
1044,0
2107,1
859,0
1357,0
244,0
1775,0
1148,0
4208,0
4351,0
2480,0
2955,1
3085,0
3104,0
3322,0
1967,0
4526,0
4494,0
3748,0
4630,1
1354,0
4596,1
2498,0
1077,1
1380,0
3656,1
463,1
3327,0
316,0
1171,1
4,0
292,1
3880,1
4184,0
2302,0
4442,0
4502,0
1639,0
1314,0
1230,0
1630,0
4936,1
3500,0
2995,1
4732,0
2551,0
4931,1
2694,0
4704,1
2695,0
1083,1
3348,1
246,0
474,0
1325,0
4212,1
4576,0
959,0
50,1
304,0
848,1
1735,1
3959,1
4698,1
1258,1
2109,1
4279,0
1208,0
4779,1
2289,0
1657,1
476,0
2735,0
3231,1
4432,0
1022,0
4212,1
3321,0
3221,0
1227,0
4157,1
2997,0
2130,1
3058,0
2120,1
2330,0
241,1
2540,1
32,0
454,0
1666,1
3436,0
330,1
3796,0
992,0
2253,0
1590,1
685,1
4696,1
4288,0
588,0
2315,0
2023,0
326,1
3565,0
2040,0
790,0
4493,0
4193,0
4828,0
3653,0
1045,0
62,1
606,0
4906,0
2474,1
2826,0
4774,1
4005,0
1407,0
1150,0
3058,0
4797,0
4179,0
3865,0
1965,0
808,1
4108,1
600,0
675,1
634,1
844,0
1727,0
2541,0
2330,1
1624,0
2862,0
922,0
1929,1
2753,1
1590,1
2016,1
2840,0
36,1
2506,1
3078,1
4344,1
4937,0
3424,0
2478,0
2527,0
2123,0
212,0
2684,0
136,0
2781,0
1275,0
1520,0
3379,1
1957,0
1800,0
2736,0
4760,1
3360,0
1563,0
1990,1
1498,0
4350,1
4856,1
24,0
1522,1
1615,0
3699,1
3473,1
2605,1
2,1
3416,0
897,1
1094,0
4678,0
2567,0
2013,0
1998,0
3414,1
1547,0
2068,0
3954,0
2831,0
4947,0
4926,0
4438,0
2409,0
2284,0
4299,0
1953,0
951,1
1900,0
4927,1
921,0
3885,0
1923,1
3001,0
3967,0
3291,1
1846,0
4831,1
3224,0
3220,0
754,0
2466,0
2638,0
175,0
4534,0
1538,0
2505,0
1533,0
2228,0
4076,0
4642,0
3609,0
440,0
1562,1
3432,0
4774,1
45,0
2495,1
800,1
4694,1
3998,1
718,0
1750,0
1784,0
2972,0
1622,0
4739,0
1778,0
1466,1
934,1
4047,0
3781,1
1337,0
1247,0
2317,0
741,1
2115,0
1042,0
4440,1
1072,0
4704,1
1270,0
4770,1
3996,0
4802,1
3030,0
3986,1
2330,1
608,0
2258,0
650,1
1039,0
2061,1
3847,0
547,1
785,0
2794,0
3322,1
4178,0
2518,1
1634,0
4012,1
1123,0
2501,0
2271,0
2647,0
3682,0
767,1
4475,0
177,1
188,0
83,1
754,0
3367,0
3431,0
118,0
72,0
3644,1
2027,0
4436,0
579,1
4130,1
3857,0
3337,0
4385,0
3581,1
2761,1
3744,0
2006,1
3441,1
1147,0
1084,0
2844,1
825,0
4592,0
1718,0
3392,1
1935,0
3738,1
1342,0
4793,1
786,0
3248,0
4991,0
918,0
1680,0
3802,0
774,0
4490,0
3336,0
2481,0
1503,1
4430,1
2244,1
352,0
787,0
4382,0
4809,0
1499,0
1666,1
1769,0
1340,1
239,0
2622,0
3834,0
2753,1
2427,1
3337,0
1050,1
4400,1
1547,1
3671,0
3349,0
2217,0
3955,1
1664,0
2704,0
3164,0
3326,0
1066,0
3833,0
94,0
1245,0
2740,1
2809,1
3659,0
3393,0
3724,0
3244,1
619,0
2553,0
4107,0
1646,0
1820,0
4978,0
2132,0
3270,0
3595,1
481,0
1746,1
4235,0
4419,0
3635,0
4877,1
4826,1
2502,0
512,1
1140,0
3300,1
246,0
2855,1
4290,0
1647,0
466,1
4122,0
2843,0
4689,0
3738,1
1080,0
3871,0
4283,0
3384,0
387,0
4416,0
744,0
4958,0
1697,0
4419,0
129,0
1366,0
1375,1
1086,0
2029,0
4227,0
1281,1
2290,0
2943,0
4604,1
1290,1
466,1
1402,1
960,0
4962,1
2107,0
4086,1
4754,0
4595,1
4469,0
1906,1
2332,0
987,0
3962,1
3266,1
2163,0
310,0
4941,0
4233,0
1996,1
1090,0
3945,1
3382,0
2126,0
4967,1
1923,0
2621,0
2173,1
62,0
3550,1
2185,1
2304,0
1571,0
1562,0
3484,1
1141,0
3213,0
2436,0
2165,0
394,0
2489,0
1020,0
2004,0
3560,0
4762,0
2067,0
3194,0
4997,0
1587,0
1508,1
2210,0
2999,0
4804,0
2302,1
4930,0
2161,0
189,0
145,1
2509,0
778,0
2302,0
4506,0
2658,0
1514,0
3523,0
234,1
1984,0
3457,0
893,0
394,0
1196,0
1998,0
146,0
3068,1
3168,0
656,0
3539,0
4910,0
4428,0
1962,1
1753,1
534,1
3407,0
1700,1
2866,1
50,0
969,0
242,0
1980,1
3114,0
3991,0
4481,0
2539,0
4060,0
2969,1
38,0
2382,0
1977,1
3867,1
1287,0
3300,1
4181,0
3005,0
3952,1
2256,0
2594,0
1358,0
4325,0
2494,1
1921,0
585,0
3303,1
4762,0
3100,0
1589,1
199,1
1409,1
3141,0
2053,1
1101,0
634,1
4381,0
267,0
694,1
3611,1
2771,1
4268,0
1737,1
1861,1
748,1
3877,0
3925,1
2152,0
3144,0
4999,0
818,0
1889,0
2711,0
2067,0
2274,0
1389,0
3465,0
2761,1
2733,1
149,1
928,0
3512,0
4657,0
2675,0
3766,0
1848,1
1558,0
4329,0
4291,1
3427,0
2079,1
1715,1
754,0
605,0
2787,0
1824,0
2347,0
4806,0
1299,0
2838,1
1977,1
2707,0
2658,0
3876,0
4191,1
4290,0
171,1
3263,0
4216,1
1969,0
1701,1
1327,0
1065,1
826,1
1090,0
4452,0
3926,0
4244,0
3636,0
344,0
3092,1
1446,0
1137,1
3517,1
4805,1
4761,0
1117,0
4441,1
4134,0
1142,0
1884,0
1821,0
1382,0
252,0
1578,0
1686,0
4478,1
3391,1
4320,0
278,0
2020,1
2039,0
4139,1
1661,0
3248,1
4864,0
731,0
2633,0
2728,1
1343,0
2523,0
3539,0
3309,0
4528,1
3997,0
328,1
1772,0
535,1
4459,0
1050,1
1880,0
1593,0
1177,0
2944,1
3239,0
1427,0
457,0
3395,0
62,0
1643,1
1507,1
1030,1
1171,0
4217,0
3294,1
4018,0
1047,0
4183,0
1641,1
649,1
798,1
4257,1
3814,0
2767,1
4441,1
1836,0
3061,0
4407,0
4675,0
1618,1
3024,0
826,1
3098,0
4029,0
261,0
583,1
3659,0
2877,1
3963,0
2016,1
4177,1
1375,1
3214,1
4037,0
1643,1
4070,0
2460,0
4409,0
3712,0
2944,1
2071,1
1391,0
2146,1
1133,0
688,0
2481,0
735,0
2273,0
1827,1
1619,0
4355,0
1812,0
573,1
2478,1
265,0
4096,0
3797,1
4520,1
2325,0
4887,1
4714,1
4015,0
4947,0
252,0
3268,0
945,0
3619,1
4983,1
262,1
2495,1
2903,1
4303,0
3657,1
1211,0
74,0
2183,0
2723,0
2064,0
3160,0
3071,0
3217,1
1816,0
2453,0
1447,1
3972,0
1612,0
1250,1
1236,0
4897,0
735,0
2626,1
4377,0
3638,1
341,1
2639,1
3920,0
1960,1
517,0
219,0
1843,0
4929,0
1121,0
3283,0
4209,1
2954,1
3397,0
1439,1
3914,0
1183,0
2364,1
1763,0
2097,1
2146,0
2803,0
1747,1
132,0
646,0
875,0
844,0
66,1
1648,0
712,0
39,0
133,0
4740,0
4438,0
1598,1
2749,1
1519,1
895,1
2072,0
2567,0
2397,0
3569,0
2157,0
3707,1
3106,1
4133,1
468,1
4406,0
2150,1
4629,0
3343,0
1846,0
4183,1
1853,0
2185,0
3526,1
4543,1
759,0
1708,0
3339,0
962,0
4605,0
2420,0
3656,1
4515,1
850,0
4509,0
2755,1
868,0
4026,1
2053,1
3076,1
1283,1
2180,0
3828,1
1013,0
3554,0
1644,1
4555,0
231,0
1116,1
2417,0
1943,0
2555,1
4058,1
4124,1
2590,0
740,0
3976,0
913,0
3130,1
3093,1
3571,1
4281,0
458,0
4334,1
1777,0
4198,1
4574,1
2604,0
2610,1
655,1
4289,0
292,1
1227,0
259,0
4976,0
4182,0
1425,1
4247,0
1313,0
1238,0
612,1
4573,1
2850,1
1871,0
1435,1
3263,0
2935,1
3393,0
4416,0
3990,0
4473,0
754,0
300,0
64,0
2100,0
4406,1
4511,1
3573,0
67,1
2298,1
2030,0
845,0
694,0
136,0
2487,1
4789,0
2843,0
2822,1
125,0
1595,0
4393,0
2938,1
588,0
4599,1
839,0
1159,0
4002,1
1256,1
2253,0
780,1
1113,1
2009,0
1129,0
951,0
3570,0
464,1
4853,0
691,0
265,0
3245,1
1138,1
620,1
161,0
4520,0
164,1
1117,0
3962,1
3736,0
4919,0
1263,0
2298,0
752,0
3598,0
1248,1
2100,0
4270,0
4997,1
1689,0
3621,0
1000,1
2387,1
1073,0
3382,1
332,1
3812,0
536,0
3329,0
1905,1
4960,0
2539,1
3087,0
3626,0
3331,0
4328,0
1935,0
2633,1
309,0
783,1
1817,0
4049,1
4894,1
3015,0
4369,0
1732,0
1190,0
1128,0
2813,0
2283,0
1240,0
1297,0
3444,0
346,1
3346,0
184,0
2395,1
2089,0
3431,0
1956,0
588,0
4901,0
3496,0
556,0
36,0
4752,0
3663,0
639,1
3160,0
3696,0
4351,0
4721,1
1510,1
4856,1
1533,0
825,0
2903,0
3764,0
4528,0
2663,1
4875,0
1948,1
4303,0
894,1
2830,0
3032,1
2543,0
1815,0
387,0
1291,1
739,0
3049,1
1516,0
1106,0
2262,1
3794,1
4315,0
1444,0
3864,0
2571,0
4501,1
4841,1
4901,0
2500,1
2064,0
1778,0
254,0
4776,1
2209,1
4679,0
3086,0
934,1
1261,0
4513,0
2001,1
3623,1
1360,1
4723,0
1613,0
2899,1
4442,0
4204,0
1233,0
2763,0
4265,0
781,1
340,1
4963,1
313,1
4843,1
1887,0
1124,1
1923,1
3993,0
4106,0
994,0
3588,0
3477,0
108,1
2757,1
1402,1
4909,0
788,0
2610,1
4733,0
749,0
564,0
4128,1
362,0
4904,0
4566,0
3576,1
2893,0
4371,0
3862,0
3122,0
4708,0
2193,0
1739,1
3376,0
776,0
2288,0
3443,0
36,0
4768,1
274,0
319,1
4654,1
3430,0
443,0
2741,1
3542,0
3035,1
3619,1
4229,0
3960,0
97,1
1217,0
519,0
3941,0
1898,0
683,1
3114,1
4559,1
2646,0
1946,0
3631,0
4821,1
1407,0
386,1
3546,0
4390,0
2064,0
1369,1
3101,0
4416,1
285,0
1847,0
4818,0
2435,0
619,0
2,0
2750,1
1102,0
4920,1
4560,0
203,1
2317,0
2209,1
2547,0
2171,1
1204,0
2925,1
2183,0
2951,0
4242,0
1734,0
1495,1
4492,1
2933,0
2725,0
2314,1
1563,1
3058,0
311,1
2075,0
853,0
4931,0
3968,0
923,1
386,0
1546,1
254,0
915,1
1946,0
2870,0
3863,1
2141,0
623,1
3444,0
298,0
2264,0
3781,1
1814,0
4125,1
999,1
1139,0
3803,1
2955,1
3226,0
4972,0
2927,0
45,1
32,0
1068,0
2931,1
2,1
4382,1
3674,0
1000,1
4978,0
2285,1
3179,1
2033,0
2607,0
4654,1
4036,0
2997,0
2213,0
2330,0
4134,0
217,0
1123,0
2193,0
2242,0
3268,0
2369,0
3617,0
4739,0
4591,0
395,1
3450,0
2442,1
1763,0
204,0
4750,0
2126,1
383,0
617,0
1752,1
4185,0
2593,0
4578,0
19,0
2939,0
38,0
1472,0
24,0
45,0
1704,0
1615,0
155,0
3532,0
2178,0
3470,1
3822,0
901,0
4463,1
2765,0
2599,0
2445,1
1262,0
4943,0
3707,0
4123,0
3748,0
2777,1
4998,0
1763,0
1835,0
327,0
4467,0
3628,0
3878,1
4207,0
2080,0
4162,0
1409,0
430,1
3736,0
1291,1
2648,0
3057,1
4409,0
930,1
794,1
887,1
2073,1
2279,0
4386,1
3260,0
1228,0
1470,0
1882,0
4196,1
314,0
3432,0
4940,1
1377,1
1043,1
3773,1
510,1
2896,0
3990,0
3829,0
622,0
1502,0
2148,0
4752,0
737,1
465,1
837,0
4491,1
465,1
3269,0
3117,0
392,0
2782,0
2696,0
3680,0
3002,0
2739,1
4217,0
225,1
3297,1
4327,0
1275,0
2074,0
2972,0
3570,0
2822,0
2057,0
954,0
1058,0
700,1
4619,1
2062,0
2887,0
4303,0
671,0
1180,0
173,1
2940,0
110,0
3247,0
1994,0
4956,0
2279,1
2855,1
3308,0
980,0
3537,1
393,0
4875,1
595,0
90,1
2468,1
2540,0
628,1
136,1
3963,0
614,0
3403,0
2100,0
802,0
2005,0
502,0
3144,0
321,1
3975,0
3543,0
3616,0
3379,1
1983,0
1577,0
2789,0
4447,0
1594,1
18,0
2481,0
724,1
2015,1
2030,0
3711,0
2202,1
3813,0
2348,1
377,1
2632,1
3315,0
2197,1
1387,0
611,1
1675,0
1345,1
993,1
1458,0
4122,0
3172,0
1118,0
1814,0
2656,1
1486,0
1436,1
3999,0
2024,0
3721,0
2542,0
1401,0
2470,0
3236,1
3527,1
3445,0
2341,1
4482,0
696,0
42,0
3426,1
619,1
157,1
3757,1
1053,1
1933,1
2731,0
3375,1
1746,1
2266,1
223,1
3745,0
1482,0
325,0
2288,0
4947,0
2055,1
1359,0
963,0
986,0
3254,0
879,0
1846,0
1092,1
603,0
3996,1
3827,0
663,1
4401,0
790,0
412,0
3169,0
3840,1
3985,0
2065,0
1316,1
4293,1
2123,0
4962,0
2869,0
2605,0
1406,1
3580,1
2084,0
3230,1
1592,0
1310,0
1557,1
4059,0
1475,0
1276,0
2863,1
4417,0
1646,0
1642,0
802,0
3224,0
3930,1
1530,0
3448,0
4616,1
4459,1
3565,0
4145,0
491,1
1269,0
3689,0
4012,0
259,0
4530,1
4103,1
4260,0
3123,0
1877,1
1045,1
1935,0
4395,1
970,0
2737,0
1194,0
3245,0
1,0
643,0
1768,1
3420,0
2635,0
1709,0
4669,0
4135,1
4432,0
2343,1
4076,0
2286,0
915,1
3068,1
648,1
4547,0
3733,0
1704,0
1082,0
1889,0
1991,1
4691,0
3608,0
2716,1
1914,0
1420,0
2757,1
402,1
2814,1
1058,0
3815,0
1770,1
2955,1
4866,1
2301,0
3588,0
2604,0
3100,1
3815,0
619,0
1655,0
4138,0
2396,0
2272,0
4143,0
3579,1
1713,0
2081,1
4199,0
1457,1
3927,0
4659,1
213,1
848,1
3738,1
3278,1
2914,1
205,0
3497,0
3469,1
1539,0
2435,0
3351,0
3457,0
4554,0
3393,0
1945,0
58,0
212,0
3284,1
2874,0
316,0
1371,0
4189,1
4875,0
4676,1
2213,0
1096,1
2584,1
2081,1
780,1
4397,0
3734,0
4758,0
1552,0
1672,0
3271,1
1632,1
394,0
3242,0
3354,1
418,0
1867,1
2108,1
2417,0
2722,1
1097,0
2168,0
4739,1
4178,0
3298,1
695,0
1318,0
1191,0
676,0
279,0
2187,1
1025,0
4139,1
947,0
1700,0
179,0
2108,0
4595,0
2096,0
2464,0
3376,0
2027,1
2340,1
4670,1
4154,0
1804,0
4471,0
1644,1
2916,0
2382,0
2413,1
4232,0
2611,1
2190,0
452,1
897,0
979,1
2485,0
2117,1
4860,0
4981,0
2878,0
4395,1
2300,0
3362,1
610,0
3738,0
4746,0
2738,0
2694,1
3457,0
2381,1
3780,0
1299,0
3937,1
1173,0
3085,0
4232,0
1253,0
4006,1
221,0
360,0
364,1
2405,0
504,0
2067,0
1863,1
2998,1
3481,0
3164,0
3556,0
3647,1
2879,0
3608,0
875,0
397,0
2635,0
834,0
3793,0
2710,1
4797,0
1603,0
1293,1
4722,0
4826,1
957,1
4589,0
1571,0
2105,1
2233,0
3577,0
4721,0
2634,0
2404,1
3021,0
2978,1
2329,0
787,0
4629,0
2322,1
3586,1
2094,0
1309,0
965,1
260,1
42,0
1171,1
3282,0
4360,1
2237,1
3655,1
4263,1
3360,0
3213,0
1125,0
2131,1
4921,1
4700,0
3674,1
3409,0
4220,0
1548,1
2797,1
1874,0
285,1
1688,0
2963,0
4478,1
1955,1
3725,1
2274,1
1858,1
3567,0
2088,0
200,0
3899,0
4800,0
1092,1
66,0
3518,1
3683,1
3787,0
2853,0
2264,0
3512,0
4022,0
3873,0
3691,1
2209,1
1384,0
3190,0
1134,0
2589,0
1014,0
2630,1
1362,0
2587,0
3364,0
3775,0
692,0
2956,1
1107,0
4692,0
3107,1
2783,1
3687,0
3746,0
67,0
3356,1
4906,1
4015,1
7,0
1851,1
1364,1
637,1
3781,1
38,0
46,1
740,0
4761,0
3574,0
3709,1
4399,0
343,0
4641,0
2864,0
4961,0
3878,1
234,1
3766,0
4785,1
1297,0
4024,0
1993,0
4237,1
1286,1
707,0
1717,0
2697,0
931,0
77,1
3924,0
2746,0
4275,0
1262,0
3171,0
4754,0
3044,0
3179,0
1856,0
2838,1
4552,0
2251,0
1593,0
4686,1
3259,1
2039,0
2280,1
4699,0
3563,0
3103,0
3609,1
1210,0
3874,1
3358,0
2796,0
3732,0
4148,1
1635,0
4546,1
4265,0
1778,1
3528,1
3171,0
1328,0
3605,1
3378,0
4701,0
1434,0
242,0
3410,1
3037,0
2145,0
3205,0
180,0
3002,0
4414,1
4595,0
4035,0
2478,0
4663,0
3972,1
4622,0
1683,1
4574,0
1885,1
3090,1
1116,1
3160,1
4414,1
3778,1
3814,0
4506,0
1429,1
2234,0
938,0
1975,0
205,1
1551,0
2197,0
3046,0
3835,1
1810,0
1257,0
1816,0
2897,0
3885,0
4108,0
2770,0
3680,0
3996,0
4235,1
4012,0
3141,0
813,0
4564,1
330,1
3901,1
613,0
4738,0
1873,0
4337,0
23,0
3848,1
3445,1
4049,0
3978,0
4140,0
1646,0
1126,1
695,0
2441,0
1781,1
1083,1
1641,1
2236,1
2,1
1367,1
3748,0
3301,1
611,0
1792,1
1680,0
3520,1
367,0
1882,1
3,1
4746,0
3968,1
2698,1
1321,1
2778,1
4485,1
814,0
4222,1
4082,0
3908,0
4980,1
2031,0
982,1
4811,0
396,0
2237,0
1568,0
2888,0
1651,1
1064,0
2038,0
1240,1
4455,1
4208,0
1376,1
3182,0
2654,0
1367,1
1611,0
1990,1
3597,0
3289,1
645,0
260,0
3573,0
623,0
4704,1
1346,0
2689,0
1900,1
206,1
4762,0
4194,1
466,0
2853,0
1816,0
1686,0
2805,0
649,1
1858,1
1976,0
4267,1
4580,0
2186,0
1030,0
3521,1
2024,0
2427,0
4227,0
1840,0
623,0
3158,1
156,0
4,1
268,1
1087,0
2397,0
3117,1
98,0
4312,0
4345,0
41,1
3779,1
3382,0
3167,0
3191,1
197,1
3936,1
2541,0
4433,0
1001,0
4603,0
1438,0
3142,1
4207,0
4322,1
1936,0
2350,1
330,1
2467,1
996,0
1534,0
4806,1
133,0
3898,0
792,1
647,0
1728,0
4396,1
4448,0
676,1
218,0
4924,0
4046,0
1631,0
4317,0
1001,0
2242,0
1472,1
813,1
1796,0
3388,0
3508,1
2075,1
4206,1
4012,0
3598,1
2456,0
676,1
4667,0
1718,0
1392,0
1863,1
4715,0
3922,0
2758,0
2028,0
4419,0
4091,0
4053,0
4490,0
144,1
4900,0
294,0
4261,1
820,0
1939,1
1885,1
853,0
4489,0
3510,0
2603,0
4328,0
4681,0
4518,0
4808,0
4621,0
2457,0
3873,0
3777,0
2847,0
403,1
1346,0
1164,1
1069,0
1593,1
1953,0
528,0
3062,1
2518,1
2050,0
2532,0
1757,1
2959,0
588,0
191,1
35,0
4815,1
3543,0
4791,1
4600,0
4826,0
3294,0
4267,1
3587,1
2916,0
4038,0
4919,0
2510,0
1877,0
701,0
42,0
2305,0
1185,0
2613,0
2838,0
3223,0
1898,0
2390,0
653,0
3104,0
3279,0
3082,1
3039,0
1293,1
1867,0
4445,0
196,1
328,0
3479,0
2611,1
62,0
4470,0
2113,1
1229,0
1960,0
3116,1
3850,0
3794,1
3009,0
4477,0
2983,1
3802,0
4462,0
3877,1
3592,0
611,0
233,1
4814,0
3782,1
4574,1
4688,1
753,0
1202,0
811,1
1723,0
1938,0
1865,1
2178,0
1714,1
540,0
3527,1
3472,1
3573,0
3827,0
4268,0
697,0
3883,1
627,0
4224,0
1812,1
3860,0
4967,1
3859,0
3685,0
3937,1
4943,1
1793,0
4418,0
3585,0
3202,1
1037,1
1677,0
3801,0
776,1
4512,0
4430,1
1403,0
115,1
1435,0
4166,1
4775,0
1118,1
63,0
953,1
3008,0
4439,0
4296,1
4223,1
2003,0
3059,1
3729,0
725,0
3119,1
3420,0
2249,1
2391,0
4906,0
3850,1
2809,0
1003,0
3695,1
1009,0
1869,0
1681,1
2401,0
4968,0
4745,0
4670,1
3622,0
1445,0
397,1
4072,0
393,0
4094,1
2850,1
3298,1
3531,0
1272,1
3949,1
897,1
841,1
2355,0
381,0
1711,1
1895,1
13,0
1662,0
3014,0
3233,0
126,0
4333,0
2924,0
2014,0
1398,1
2456,0
456,0
4888,0
3532,0
1437,0
4776,0
4266,1
2823,0
2870,0
2033,0
1282,1
386,0
1061,0
1828,0
1102,0
673,1
2352,0
2404,0
2637,1
4864,1
1702,1
2628,0
2592,0
1666,1
4438,1
3608,0
1086,0
300,1
2756,0
1527,0
3335,0
2913,1
370,0
3578,0
530,0
1841,1
2473,0
260,1
1152,0
3807,0
2951,0
1010,1
841,0
3882,0
1745,0
473,0
675,0
645,0
1848,0
1901,1
1272,1
3296,1
4077,1
4262,1
1433,0
4837,0
2088,0
4557,0
3672,0
1477,1
139,1
1803,1
4691,0
1221,0
2573,0
1097,0
4050,1
1933,0
1451,0
3568,1
1830,1
753,1
4953,1
1836,0
1759,1
1713,1
4824,1
882,0
1578,1
85,0
3420,0
3248,0
1323,1
1309,0
458,1
2336,1
4925,0
2424,0
3360,0
2725,0
2670,0
978,0
1397,0
1047,0
2496,0
844,0
1508,0
761,1
1515,0
4540,0
4612,0
1513,1
1770,0
4843,0
3441,1
4577,1
744,1
1537,1
1482,0
4017,0
968,0
1123,0
4935,0
222,0
748,1
225,0
4767,1
2982,0
2650,1
2054,1
3898,1
3858,0
1217,0
4257,1
1004,1
1171,1
245,1
556,1
2397,0
3732,0
804,0
4307,0
3345,0
3421,1
2806,0
3874,1
1692,0
1741,0
1117,1
4204,0
4312,0
2083,0
3685,0
4496,0
3925,1
837,0
4708,0
1095,0
4829,0
4156,0
2215,0
2983,1
919,1
2890,0
4295,0
334,1
3671,0
1532,0
836,1
1091,0
547,1
2000,0
3011,0
1578,0
2651,0
2233,1
2069,1
1653,0
426,1
2160,0
2668,1
3729,0
3837,1
2477,0
3986,1
3409,0
4522,0
3037,0
1410,0
4673,1
3376,1
4214,0
580,0
1219,1
1548,0
1433,1
4022,1
4773,1
1966,0
3069,0
4175,1
736,0
2704,0
770,1
4055,0
2103,0
1868,0
1842,1
1990,0
1393,0
1631,0
4586,0
442,1
1316,1
2889,0
2710,0
3963,0
220,0
1366,0
2525,0
1271,1
3635,0
198,1
1411,0
4355,0
1934,1
4474,1
673,0
4613,1
3386,1
1261,0
229,0
3856,0
882,0
3686,1
2787,0
645,1
3856,0
1561,0
4651,0
498,0
3509,0
134,1
1547,1
4021,1
2955,1
2973,1
2414,0
4698,1
1281,1
2062,0
3583,0
3541,1
4934,1
2010,1
466,1
679,1
4338,0
1948,1
3296,0
4081,1
3025,0
710,1
1779,1
3039,0
3047,0
1531,0
71,0
482,1
3956,0
3091,0
4070,0
3388,0
2903,0
2262,1
3827,1
2746,0
2808,0
1349,0
2312,0
3466,0
4380,1
4818,0
3479,0
1945,0
2560,1
4410,0
3762,0
3688,0
220,0
4600,0
2029,1
6,0
275,1
4070,0
3209,1
1117,0
1120,1
1774,0
3239,0
3442,1
4397,0
1404,1
1269,0
3855,0
578,0
565,0
2513,0
4779,1
814,0
805,0
1516,0
3742,1
4543,0
330,1
2663,0
4473,0
4996,0
2487,0
1678,0
4060,1
3081,1
1925,0
3011,1
2382,0
2385,0
927,0
1980,0
4633,1
1704,0
4295,0
3164,0
1934,1
877,0
4142,0
71,0
4592,0
3190,0
2246,0
2222,1
2958,1
1784,0
2244,0
124,1
587,1
1451,0
69,0
210,0
4289,1
4414,1
4857,1
979,1
1697,0
3840,1
371,1
1765,1
2525,0
4133,1
4235,1
2355,0
348,1
4856,0
3885,0
4185,1
2392,0
2051,0
2475,1
3875,0
850,0
2240,1
3940,0
742,0
2805,0
2164,1
2120,1
3650,0
2132,1
1526,0
3671,1
1319,0
3996,0
3721,0
333,1
4925,1
3112,1
2054,0
1657,0
3604,1
1741,1
1593,1
4645,1
3711,0
738,1
936,1
3433,1
4702,0
2477,0
1765,1
3725,1
3136,1
3389,0
4777,1
3123,1
4567,1
332,1
670,0
2655,1
2247,1
3237,1
4798,0
1180,0
4788,0
2705,0
1360,0
1878,1
2948,0
3100,1
4867,0
2101,0
4564,0
2107,0
3217,0
1193,1
3736,0
396,0
1320,0
4601,0
4479,1
2032,0
2858,0
4348,1
1997,0
1031,1
2448,1
2297,1
1797,1
1735,1
1177,0
2847,1
264,0
229,1
2643,1
3500,0
219,0
18,1
4155,0
2611,1
3,0
4290,0
2497,1
2287,0
4981,1
4853,1
4112,0
1664,0
48,0
4008,1
1269,0
2522,0
2863,0
2175,0
2718,0
1744,1
2411,0
2170,1
3089,1
4816,0
952,1
2787,0
2493,0
242,0
3464,0
3852,0
4711,1
46,1
3101,0
153,1
701,0
1304,0
4686,1
4204,0
2522,0
3082,0
4317,0
574,0
431,1
1818,0
4172,1
1906,1
491,1
579,0
4085,1
4115,0
3683,0
1643,0
4815,1
2906,0
4249,1
4089,0
14,0
4265,0
782,1
3286,0
2234,0
1865,0
4493,1
2100,0
4083,0
4318,0
3496,0
3054,0
1206,1
3909,0
1410,0
996,1
3720,0
4053,0
940,0
3871,1
3807,1
2368,0
1771,1
482,1
2215,0
2250,0
595,0
1151,0
498,0
1807,1
2319,0
4227,0
2443,0
981,0
3417,0
4307,1
2283,0
3014,0
2149,0
3992,0
4994,1
1746,1
4785,1
1704,0
1677,1
473,1
501,1
1610,0
4284,0
4851,0
313,1
3465,0
4752,0
1098,0
4863,0
2910,0
1683,1
1207,1
4401,0
2543,0
1190,0
3136,1
3629,1
1009,1
3262,1
1035,0
620,1
4147,1
605,0
2907,0
3197,0
4351,0
3802,0
1001,0
974,1
156,1
2707,0
2589,1
777,0
1557,1
3151,0
3719,0
2382,0
2661,0
4110,0
2596,0
534,1
4255,0
4304,0
277,0
1610,0
3943,0
3399,1
3982,0
1302,1
3339,0
3600,1
323,0
1412,1
285,0
1098,1
2291,0
4467,1
4261,1
1806,0
594,0
2837,0
4853,0
3703,0
2152,1
337,0
416,0
607,0
3756,1
3838,0
4907,0
2175,0
4648,0
1767,1
2274,0
3966,0
2675,0
1335,1
4776,0
3731,1
3773,1
1849,0
2071,0
683,0
373,1
309,1
890,0
2352,0
1256,0
39,0
888,1
561,0
2646,0
1265,0
4206,1
183,0
2273,0
2772,0
4755,0
252,0
1987,1
4559,0
1880,0
443,0
1399,1
3442,1
3618,0
2627,1
1153,0
3455,0
4988,1
4895,1
3393,1
3732,0
1023,1
2127,0
1945,0
3381,1
4629,0
4053,1
2888,1
489,1
4688,1
618,0
2229,1
2049,0
4008,1
4358,0
2916,0
1702,0
3727,0
4942,1
2106,1
3924,1
2453,0
2400,0
1429,0
1323,0
475,0
3343,0
2086,1
2689,0
1216,1
1095,1
1846,0
2305,0
4755,1
406,0
4001,0
4088,1
3464,0
695,1
4542,1
2126,0
3375,1
464,0
3155,0
1898,0
1972,1
3712,0
2499,0
3445,1
751,1
605,0
2266,1
918,0
1942,0
51,0
4872,1
1464,1
1538,0
3790,1
4076,0
4935,0
2551,0
1402,1
2152,1
579,1
3554,0
82,0
3376,0
2656,0
4220,0
3766,1
2682,0
786,0
4081,1
2108,0
2709,1
1638,0
4492,1
307,1
4415,1
734,1
3484,0
761,0
4315,0
1407,0
3975,1
961,0
4651,1
4829,0
324,0
3048,0
903,0
3795,1
4934,1
1237,1
1868,0
3103,1
3510,0
1407,0
2391,0
4589,0
2266,1
1789,0
2646,0
2025,0
256,0
2598,0
3138,0
814,0
2328,1
3932,1
2949,1
4696,0
2638,0
3318,0
1897,1
3023,0
3286,0
971,1
3720,0
3880,1
339,0
2152,1
989,0
865,0
2673,0
3905,1
1437,1
2855,0
55,1
2054,0
3594,0
2752,1
1662,0
3507,1
4885,1
265,1
4033,1
2283,0
3366,1
1379,1
765,1
592,1
3907,0
1584,0
2322,1
3917,0
97,1
3624,0
4960,0
1334,1
1756,1
1661,1
852,0
4324,0
1546,0
3778,0
1492,0
759,0
2092,0
2796,1
758,0
3180,1
2413,1
3031,0
3684,0
1129,1
3888,0
3891,0
4419,0
3400,0
3973,0
771,0
1656,0
999,1
1459,1
3606,0
3536,1
1354,0
714,0
1388,0
2182,0
944,0
3421,1
4918,1
82,0
2405,0
41,0
2527,0
28,1
1558,0
4819,1
3360,0
3136,1
2243,0
472,0
2383,1
67,1
4407,0
4964,0
4633,1
426,0
2923,0
500,0
61,1
1156,0
165,0
3302,0
4527,0
4441,1
4594,1
3203,0
202,0
3899,0
2117,0
4494,1
1248,0
1478,0
1021,0
3120,1
665,1
4117,0
888,1
893,0
4226,0
3829,0
1062,1
3425,0
2986,1
3940,0
2253,0
2041,0
1434,0
894,0
2108,0
3795,0
1499,0
1511,0
1560,1
1572,1
3131,0
3120,1
56,0
3235,0
1907,1
2884,1
413,0
444,0
4137,0
2162,0
2227,0
1146,0
2786,1
3113,0
864,0
1123,0
652,1
1098,1
517,0
1898,0
2119,0
4979,1
3597,0
3817,1
2451,1
3339,0
4389,1
2636,1
3192,1
2511,0
1815,0
1072,0
1618,0
4249,1
2979,0
2633,0
1350,0
1103,0
3473,0
2737,0
1796,0
3236,1
2217,0
1656,0
3137,0
2893,1
712,1
3556,0
4825,0
4541,1
3499,0
2189,0
3667,1
1312,1
980,0
609,0
2911,1
4634,0
3266,0
449,0
4983,0
4946,0
1963,1
1414,0
2200,1
4471,0
2455,0
196,1
4307,0
973,1
3020,0
1572,0
3979,0
4400,0
1660,1
1043,1
1636,0
4090,0
2666,0
4382,1
20,0
2557,0
805,0
2202,0
4488,1
544,1
2990,1
2743,0
4784,0
4372,1
1358,0
3488,1
2955,1
2628,0
166,0
4151,1
571,0
3059,0
2959,0
4432,1
3204,1
884,1
1903,0
706,0
969,0
159,1
1656,0
152,0
3529,1
4651,0
4101,1
1104,0
568,0
214,0
1961,1
91,0
2863,1
3682,0
3270,0
2994,0
1054,1
4818,0
1068,0
76,1
4692,0
3484,0
1655,0
4290,0
1479,0
2828,0
1371,0
4825,1
2749,0
3488,0
1659,1
1767,1
1801,0
4936,0
1497,0
4786,1
3185,0
4320,0
3389,0
2494,1
3768,1
1856,1
4557,0
4556,1
3281,0
105,0
2157,1
3896,1
2146,0
556,0
518,1
3754,0
796,0
1487,1
2891,1
3711,1
768,0
4560,0
4387,0
4602,0
4972,0
3102,0
4709,1
1457,0
1962,0
4583,1
101,0
413,1
950,1
2140,0
2364,0
817,1
1433,1
3174,0
921,0
1508,1
4959,1
1595,0
1983,0
3817,0
3054,1
90,1
454,0
2068,0
3821,0
2075,1
2339,0
1735,0
2238,0
3748,0
3491,0
4574,0
3898,0
2621,0
1407,0
2852,0
1676,1
2564,1
1960,0
4908,0
531,0
3858,0
4283,0
3935,0
999,1
474,0
2321,1
3302,0
4001,1
4528,0
3108,1
2012,1
1450,0
4080,1
3296,0
1054,1
2524,0
4601,1
2778,0
4500,1
4494,1
3128,0
412,0
2334,0
4202,0
1404,1
2346,0
4844,0
2487,0
188,1
2657,0
1396,0
3692,1
3248,0
4863,1
3341,0
4281,0
2501,0
475,0
2186,0
2542,0
4856,1
2790,0
695,1
4956,1
3512,0
2612,0
752,0
1604,0
3481,1
1867,0
2861,0
4447,1
2222,0
1112,1
2127,0
95,0
3997,1
3569,0
2625,0
1058,0
3646,0
1743,0
4724,0
3556,0
3684,0
1205,1
2522,0
2981,0
4588,1
4065,0
1206,0
2868,1
2234,1
4864,0
342,0
1097,0
2575,0
611,0
2331,1
3746,0
3704,0
3214,1
2896,1
3586,1
3628,0
353,0
1323,1
4225,0
4795,0
499,1
2804,1
372,0
3794,0
3247,0
4336,0
3571,1
36,0
2684,1
2704,0
273,0
3595,1
3451,0
3351,0
3664,0
4559,1
4023,1
2853,0
3683,1
444,1
2482,1
478,1
979,1
1746,0
4241,0
1255,0
3599,1
2582,0
503,0
3545,0
2100,0
4462,0
631,1
619,1
4017,0
4132,0
1224,1
594,0
3795,0
1594,0
3824,0
1602,1
59,1
1737,1
2403,0
784,0
2547,0
340,1
647,1
3209,1
2417,0
1023,1
1351,1
1737,1
4427,0
4835,0
4361,0
4920,1
418,0
2401,0
2561,1
3908,1
1350,0
3721,0
2797,0
1391,1
3882,0
542,0
4649,0
807,0
4256,0
476,0
939,0
4533,0
3046,0
4553,1
3007,1
4276,1
4506,0
3252,1
2591,0
1926,1
260,1
2241,0
4993,0
2963,1
763,0
259,1
2647,1
4459,0
510,0
971,1
3059,0
4985,0
4732,0
2047,1
281,0
2250,0
1485,0
4843,1
1239,0
3996,0
1382,0
342,0
1113,1
282,0
3637,1
1888,0
805,0
2789,0
1726,1
452,0
443,0
920,0
58,0
4269,0
383,0
739,0
4960,0
1992,1
2944,1
4962,1
4267,1
2492,1
1549,0
4639,1
4048,0
2764,1
2309,0
4729,1
6,1
317,0
3977,1
2204,0
3328,1
3638,0
3589,0
4224,0
3939,0
1025,0
3788,1
4236,0
1533,0
4561,1
3866,1
268,1
3034,0
2237,0
4039,1
4209,1
4857,1
2222,0
4101,1
451,1
701,1
3280,0
1492,0
2439,0
1906,1
3670,0
3855,1
4415,1
4520,1
3774,0
543,0
630,1
4476,0
4401,0
4291,0
4594,1
1155,0
3508,0
3986,0
182,0
2591,0
2037,0
1166,0
42,1
2821,0
430,0
1119,0
4091,0
4434,1
2163,0
4546,1
4690,0
1209,1
3098,0
745,0
1156,0
603,0
750,0
2424,0
3439,0
3354,1
3015,0
1226,0
3419,0
31,0
1915,1
2646,0
1041,0
3814,0
533,0
1719,0
3945,1
1379,0
902,1
3988,0
4786,1
3366,1
2654,0
2553,0
4396,0
1439,0
4140,1
2931,1
688,0
3924,0
3616,0
2416,0
2192,0
622,0
751,0
1637,1
4063,0
4978,0
1946,0
2547,0
546,1
1396,0
943,1
3774,0
1799,0
3234,0
1544,1
136,1
3689,0
2386,0
3336,0
4097,1
1123,0
235,0
4345,0
3674,0
4274,1
4791,0
3813,0
616,0
4791,0
3524,1
2331,1
4650,0
2173,1
1765,0
921,0
2708,0
1210,0
3317,0
1393,1
3605,1
2969,0
630,0
4872,1
4497,0
4873,1
2385,1
327,1
3312,1
623,0
3789,1
3709,1
4325,0
4003,1
3204,0
1865,1
1276,0
2185,0
3453,1
967,0
2768,0
4204,0
854,1
2530,1
2679,1
3037,0
217,1
2013,0
2370,0
4918,0
2276,1
3053,1
3207,0
3793,0
2108,0
4233,0
2970,0
285,0
130,0
4163,0
4351,0
874,1
1828,0
619,1
1488,0
4737,1
3064,1
3935,0
2768,0
2405,1
3022,1
552,0
552,0
2077,1
3311,0
4385,1
4191,1
1047,0
2692,1
3589,1
2634,0
62,0
254,0
1459,1
4435,1
4740,0
4730,0
3682,0
4739,0
799,0
117,0
416,0
4058,0
3572,0
4105,0
4980,1
1015,1
373,0
4777,1
3248,0
1276,0
2041,0
1160,0
2967,1
2250,0
4909,0
2165,0
3903,0
324,0
1793,0
420,0
1360,0
2880,0
3575,0
4246,1
1388,0
1943,0
699,0
4280,1
2409,0
2758,1
2934,1
3406,1
2225,1
4092,0
634,1
3828,0
1864,0
3816,1
1117,0
3360,0
782,1
1472,1
2500,1
167,1
792,1
1544,1
664,0
4545,1
3203,0
3598,1
220,0
2748,0
919,1
1637,1
4741,0
3729,1
2591,0
16,0
3639,0
3035,0
150,0
2277,0
2888,0
2740,1
4617,0
3849,0
4502,1
902,1
4957,0
1156,0
4977,1
1946,0
203,0
1609,0
3779,1
781,0
4545,1
4159,1
1802,0
3529,1
1216,0
2902,0
2101,0
1861,0
1083,0
621,0
2357,0
1214,1
4515,1
2431,0
4300,1
850,0
2609,0
1760,0
1335,1
4188,0
1018,0
1682,0
1350,0
3112,1
343,0
2109,1
4740,1
4379,1
3125,1
2974,0
4123,0
3398,1
1751,0
146,0
980,1
3268,1
3932,1
2902,1
2042,1
4707,1
2973,1
2658,0
828,1
2228,0
763,1
2898,0
1060,0
2106,0
2478,1
1596,0
1660,1
4675,1
4392,1
683,1
2273,1
4063,0
688,0
234,1
4587,1
96,1
2728,0
764,1
584,0
3590,1
4132,1
3404,1
4145,1
1,0
2969,0
3175,1
3733,0
3448,0
4558,0
4893,1
4139,0
4017,0
4031,0
3856,0
3423,0
3106,1
3609,0
3775,0
3561,0
3511,1
3665,1
979,1
3271,1
1218,1
1884,0
3062,0
3348,1
1864,0
372,0
4538,0
469,0
4745,0
2936,1
4893,1
2973,1
3393,1
2397,1
2765,0
4489,0
2331,0
4250,0
814,0
3173,0
599,0
946,0
2052,1
4591,0
2787,1
473,0
2741,1
4873,1
3334,1
2705,0
88,1
4523,1
4731,0
1375,1
1428,0
858,1
2080,1
3454,0
2174,0
2185,0
1263,0
2067,0
1793,1
343,0
2333,1
4217,0
632,1
1732,0
279,0
1584,0
1267,0
2331,1
2896,0
1257,0
659,0
308,1
1812,0
774,1
1351,0
382,1
3450,0
2579,0
436,0
2184,0
2678,0
744,0
3058,1
3752,0
4438,0
3531,0
3802,1
2134,0
2661,0
1654,0
1594,0
2034,0
2016,1
203,0
4577,1
3343,0
1969,0
790,0
145,1
4738,1
3672,0
1909,0
1070,1
4391,1
697,0
4043,0
3199,0
1534,0
852,0
3446,0
3471,1
4023,0
3482,0
3114,0
1457,1
352,1
4162,0
240,0
4994,1
844,0
1336,1
553,0
252,0
3035,0
2771,1
1416,0
137,1
2236,0
355,0
1165,1
3829,0
4323,0
4967,1
2988,0
20,0
1911,0
1568,0
3531,0
4658,1
4024,0
4019,0
962,0
183,0
4988,0
633,0
1767,0
709,0
3971,1
767,0
4124,0
1819,0
1421,0
2104,1
2626,1
4807,0
3077,0
3525,0
3843,0
8,0
1592,0
4957,0
280,1
4458,1
1385,1
3668,0
3497,1
551,0
3708,0
172,0
2923,0
4912,0
3723,0
269,1
2946,0
3638,1
2227,0
1280,0
779,0
1250,1
3418,0
3809,0
68,1
2658,0
2710,0
3188,0
3610,0
968,0
1610,0
2211,0
4636,0
1410,0
4948,0
1736,0
4392,1
4702,1
2765,0
2366,0
1626,1
3996,1
2442,0
1259,0
1091,0
4323,1
3364,0
49,0
1642,1
2909,1
3924,0
4258,1
4093,1
2320,0
483,1
2419,0
1617,0
3058,0
3847,1
74,0
2565,1
1664,0
4745,0
4822,0
3757,0
1005,0
558,0
4780,0
4478,1
643,0
1289,0
24,0
1481,1
263,0
1346,1
2865,1
3434,0
2942,0
451,1
870,0
1682,0
1079,0
4727,1
338,1
2883,0
3844,0
2323,0
3845,0
370,0
3377,1
1353,0
4543,0
1500,1
1014,0
958,0
4280,1
1935,0
4711,1
3196,0
1070,1
2004,0
4487,1
509,0
1294,0
1608,0
2501,0
2860,1
1760,0
2302,0
2452,1
3329,0
710,1
3270,0
2922,0
2227,0
3974,0
4625,0
70,1
1304,0
2038,0
458,1
4797,1
2643,1
1333,0
6,1
3532,0
3107,1
3742,1
11,1
2099,1
1708,0
1065,1
895,0
3119,0
3054,1
1706,1
1508,1
4529,1
3661,0
2428,0
412,0
591,0
890,0
4902,0
1153,0
2674,0
2129,1
3468,0
4114,0
3942,1
567,0
1765,1
4838,1
4530,1
217,1
4619,1
4635,1
3308,0
248,0
3204,0
515,0
1882,1
4369,0
1031,0
1425,1
1614,1
1856,1
3929,0
3722,1
1190,0
2609,0
4010,0
1595,1
1410,0
4492,1
1346,0
2209,1
2942,0
4340,0
667,1
1411,1
1602,0
3816,0
21,0
1867,0
1009,1
2776,0
898,1
6,1
1516,1
2201,0
959,1
4085,1
1734,0
3396,0
4558,0
1873,0
3743,1
3357,0
403,1
3896,0
3998,1
2603,1
3613,0
3624,0
2409,1
4696,0
739,0
1815,1
2243,1
3929,0
4813,0
888,1
2531,1
2083,1
181,0
2240,1
4486,0
3247,0
2467,1
2105,1
1915,0
2347,1
3991,0
4969,1
2380,0
3045,0
274,0
984,0
2019,1
932,1
2092,0
2269,1
1559,1
837,1
1788,1
4713,0
2419,0
4304,1
2982,0
1796,0
4090,0
166,0
4268,1
1507,1
1099,0
1925,1
1519,1
515,0
161,0
2424,1
4296,1
2778,1
2522,0
4309,1
2545,0
2267,1
3811,0
2005,1
3181,1
2000,0
2721,0
4858,1
2900,1
4569,0
3412,0
3261,1
4845,0
1910,0
1524,0
2608,0
3675,0
4444,1
420,0
1872,0
3052,1
4954,1
556,0
3165,0
3159,0
632,1
844,0
2054,1
1723,1
539,1
4603,0
3184,0
864,0
4755,1
1875,0
3319,0
135,1
481,0
314,0
1066,0
1328,0
1007,0
4267,1
1516,0
762,1
4858,0
518,0
2187,1
716,1
2501,0
2241,0
1826,1
476,0
4786,1
2978,0
1352,0
1258,1
3268,0
289,1
292,1
2307,0
4658,1
389,0
3125,1
3685,0
3110,1
1355,0
2529,0
3118,0
4614,0
3473,0
3175,0
3502,1
4405,0
3041,0
3149,1
1407,1
4013,0
3387,0
4471,0
1508,0
199,1
1580,0
3473,0
87,0
4248,0
3752,1
4013,0
4926,0
1392,1
1693,0
605,0
1649,0
4426,0
2348,1
4089,0
1462,1
2185,0
114,0
2008,1
2727,1
3126,0
4640,1
3894,1
2420,0
3071,0
3944,1
3374,0
3604,1
4104,0
4377,1
2519,0
4636,0
1724,1
157,1
4044,0
328,1
3338,1
3582,1
4534,0
3153,1
1074,0
2810,1
192,1
1609,0
4829,1
2118,1
3723,0
2427,0
3941,0
1484,0
2659,0
223,1
3760,1
224,0
892,0
3731,0
3466,0
2604,0
3951,1
1208,0
2735,0
2922,0
2832,0
3539,0
1662,1
183,0
3411,0
1016,1
2314,0
487,1
2394,0
2273,0
3088,1
4034,0
4971,1
3940,0
1511,1
2622,1
776,1
2496,0
894,0
3838,0
2104,1
2839,0
3084,1
2781,1
1177,0
2117,0
3426,1
273,1
1390,0
3836,1
225,0
993,0
2771,1
2096,0
3812,0
1353,1
579,1
3616,0
4536,0
2066,0
235,0
3180,1
4513,0
1308,1
141,0
2316,1
2080,0
278,1
4081,1
2404,0
3656,0
3909,0
3323,1
4994,0
1533,0
2643,1
1541,0
800,0
2000,1
4335,0
3571,1
1985,1
4076,1
60,0
762,0
3915,0
3693,0
4871,1
404,1
590,0
4133,0
2330,0
1948,1
2263,0
1625,0
600,0
349,1
883,0
3152,1
1950,0
1152,1
3022,1
4735,1
4472,1
4196,0
2372,0
3395,0
2794,0
4631,0
2181,0
2582,1
4953,1
216,0
4353,0
1694,1
1072,0
3981,0
1284,1
3802,0
2033,0
2706,0
804,0
3778,0
3948,0
3583,0
4299,0
2678,0
2601,0
1363,0
3167,0
2740,1
4555,0
2955,1
962,0
2947,0
2788,1
3891,0
3293,1
2042,1
4312,0
4637,1
140,0
1043,0
1446,0
3577,1
676,1
3081,0
4813,0
3365,0
3762,0
3766,0
402,0
4428,0
1016,1
3033,0
1698,0
550,0
3903,0
3120,1
3301,0
4189,0
1817,1
3286,1
3007,1
2029,1
3035,0
4834,1
4766,0
2674,0
3369,0
2046,0
1610,0
4393,1
2387,1
4449,0
1571,0
179,0
3559,0
1151,0
2179,0
1906,1
1574,0
4551,1
3774,0
2610,0
3735,1
4,0
3549,0
420,0
2970,0
2307,0
3508,1
3493,0
2343,1
4009,1
2355,1
36,0
3193,0
3399,1
2496,0
2044,0
3947,0
863,1
3286,0
2004,0
3974,0
2929,1
3069,1
2144,0
4409,0
1499,0
800,0
4950,1
884,0
497,1
469,0
949,0
1728,0
104,0
4201,1
702,0
4939,1
54,0
3916,0
683,1
3133,0
1855,1
359,0
365,1
3647,0
4778,1
4750,1
1763,0
4042,0
3709,1
1613,0
136,0
4151,1
2781,1
3400,1
3471,1
88,1
1669,0
1246,1
4191,1
1747,1
3128,0
3103,1
1145,0
2669,1
2493,1
2559,0
4112,1
3732,1
630,0
4965,0
3122,0
2675,0
3936,1
4003,0
1520,1
1374,0
3372,0
3224,0
685,1
2311,0
4717,0
1558,1
1789,0
395,0
4098,0
182,1
3565,0
4300,1
1406,1
3982,0
3763,1
4298,1
1004,1
1595,0
2243,0
648,1
3865,0
3598,0
3008,0
1446,1
4261,0
3323,1
2967,1
2894,0
2734,0
2753,0
3753,0
4563,1
547,1
863,0
1407,0
1681,0
1768,1
106,1
4864,0
2958,1
1676,1
162,0
3455,0
1581,0
1031,0
5,0
152,1
3263,0
2145,0
370,0
1270,0
4476,0
734,1
1331,0
519,0
362,0
1685,0
3105,0
4140,0
3614,0
3736,0
1297,1
2495,0
1657,1
49,0
4233,0
4198,1
3728,1
3119,0
3993,0
3580,1
3048,0
2598,0
4736,1
4398,1
3987,0
4816,0
2354,1
492,0
3227,1
1517,1
2229,0
2193,0
4144,0
1754,0
2737,0
748,0
3432,0
3496,0
1934,1
2437,1
2218,0
148,0
894,0
4507,1
2866,1
2696,0
262,1
1693,0
4247,1
3044,1
3483,0
3971,1
863,1
1972,1
4653,0
369,0
4803,0
2090,1
1872,1
284,1
3761,1
2925,1
4042,0
1245,0
3643,0
1200,0
2418,1
4687,1
1201,0
672,0
4699,1
3120,1
168,0
3909,0
3261,1
4787,1
230,0
2235,0
4636,1
1742,1
4969,1
4276,0
2314,0
4810,0
1477,0
1270,0
2000,0
208,0
3980,0
3361,0
2558,0
106,0
2216,1
189,0
1346,1
475,0
3481,0
3720,0
1747,0
1448,0
4071,1
3939,0
3726,1
1701,0
122,0
2276,1
3525,1
3616,0
1223,0
401,0
1243,1
3470,1
4708,0
4480,1
2210,0
3019,1
3116,1
3014,0
4180,0
3263,0
913,0
4567,1
3218,1
756,0
2804,1
4205,0
2935,0
1558,1
4789,0
4341,0
2890,0
2132,1
4586,0
1329,1
3278,1
1036,1
671,0
2271,0
4683,1
2122,0
1811,0
3527,1
1201,0
1588,1
3238,0
631,0
885,1
2256,0
804,0
3900,1
3474,0
4199,1
3876,0
894,1
3193,0
4180,1
1376,1
1646,0
1670,0
2193,1
659,0
1192,0
4036,0
3733,1
912,0
4687,1
1308,1
2817,1
1366,0
1483,0
730,0
2560,0
95,0
3837,1
1340,1
1755,1
3282,0
4082,1
989,1
440,0
4453,1
1967,0
1513,1
539,1
247,0
1604,0
572,0
1502,0
3262,1
2099,1
805,1
508,0
655,1
570,0
2688,1
1327,0
1911,0
2483,1
2209,1
1051,1
1687,0
2428,0
840,1
4018,0
1376,0
3640,0
3981,0
1078,0
3728,0
1036,1
766,0
3927,0
33,0
2754,0
673,0
3226,0
2139,1
1777,0
3329,0
3802,0
1125,0
523,0
155,0
4825,0
474,0
4020,0
2459,1
264,0
1909,1
4394,0
4698,1
936,1
2456,0
4165,0
3431,0
2254,0
3068,0
3602,1
1093,1
3591,1
2961,0
1017,1
493,0
1635,1
3914,1
4144,1
458,1
4572,0
2619,0
2921,0
4843,1
4671,0
678,1
528,1
4615,0
1194,1
2698,0
494,0
3577,1
3715,0
582,0
527,0
776,0
3538,0
4473,0
4080,1
3261,1
813,0
324,1
1005,0
2500,0
4816,0
1943,0
479,0
2497,1
3570,0
953,1
3764,0
766,1
4362,0
4674,1
4660,0
4706,0
3556,0
2673,0
2693,1
4357,0
4741,0
2475,0
4921,0
1211,0
1089,0
4362,1
2645,0
4964,0
46,1
4665,0
3790,0
2401,0
290,1
1042,0
2365,0
888,0
3592,0
2866,1
1375,1
3751,1
4264,1
2080,1
3028,1
2700,0
3038,0
1815,0
1475,0
4230,0
993,0
1578,0
4836,0
4961,0
1762,0
3459,1
4843,1
3748,0
3999,1
4243,0
534,1
1052,1
2993,1
2489,0
3809,1
3494,0
4494,1
4932,0
4741,1
4404,0
4260,0
3045,0
2862,0
1351,0
1339,1
1922,1
4097,0
1642,0
335,0
884,0
3111,1
2206,0
1516,1
1684,0
4383,0
4626,1
4017,0
204,0
1603,0
4912,0
3287,1
3808,1
284,0
3099,0
3021,0
4814,1
4934,1
2738,0
950,1
4044,0
3831,1
2266,1
1020,0
3086,0
738,1
4296,1
2868,0
718,0
1585,1
1482,0
2301,0
3209,1
1197,0
1410,0
1744,0
519,0
2209,1
4248,0
4380,1
2096,0
1265,0
1794,1
4633,0
2505,0
574,0
1178,0
4594,1
805,0
2234,1
1332,1
3619,1
3059,0
659,0
2924,1
3301,0
2148,0
4818,0
1644,0
4545,1
1860,0
4900,1
743,1
2878,0
4897,0
187,1
2825,0
2013,0
2953,1
1361,0
3672,0
3900,1
2730,0
2963,1
443,0
2961,0
632,1
4413,1
3024,0
3360,0
686,0
1499,0
2264,0
3156,1
435,0
1629,0
218,0
3518,1
4027,1
2090,1
3948,0
673,1
3852,0
505,0
4055,0
2871,0
2376,0
4313,0
698,1
2488,0
3224,0
3711,0
3940,1
577,0
317,0
657,0
1452,0
1818,0
4131,0
2767,0
296,0
2722,1
539,1
585,0
399,0
2921,0
3022,1
4113,0
376,0
4716,1
4767,0
4027,0
1012,0
3876,1
4947,1
2340,0
3197,0
1463,0
1020,0
3918,0
3876,0
2330,0
4353,0
1838,0
2453,1
4793,0
1908,0
1419,1
2051,0
1540,0
1856,1
202,0
4185,0
1657,1
3570,1
1571,0
630,0
4389,0
1967,0
4721,0
3938,0
2249,1
1311,0
2777,1
4889,0
877,0
2254,0
3237,1
4278,1
1231,1
3404,1
1886,1
4714,1
3362,0
1631,0
3819,1
766,0
1098,1
1864,0
3372,0
4135,1
4775,0
4100,0
3837,1
2527,0
3638,0
2811,0
901,0
1183,0
1209,1
2809,0
488,0
2938,0
1900,0
3002,0
30,1
1990,1
3849,0
4065,0
1309,0
4885,1
1945,0
4796,0
2468,1
4135,1
2588,0
782,1
3057,1
748,0
468,0
665,0
2960,1
2798,0
2391,0
1932,0
3484,0
2965,0
1714,0
298,0
2279,1
2725,0
2491,1
3088,0
1980,0
3829,0
510,0
4926,0
357,0
2278,0
2471,0
1147,0
1912,0
3366,1
3341,0
397,0
4941,0
1232,0
4351,0
529,0
498,0
1912,0
3514,1
1673,0
2176,1
1221,0
1697,0
329,0
728,0
1167,0
1240,0
2906,1
3296,0
967,0
157,1
3417,1
3817,1
3080,0
4983,0
852,0
2002,1
2467,1
3984,1
4022,0
3089,1
2072,1
1173,0
4794,1
2085,0
3522,0
3497,0
1476,0
2346,0
1944,0
2719,1
2132,1
2673,0
2691,0
2854,0
234,1
2912,0
2343,1
4893,1
4296,1
3880,0
4341,1
2283,0
4419,0
515,1
2917,0
1379,1
1961,1
243,0
4633,0
1022,0
4016,0
2135,0
68,1
1236,0
4280,1
4649,1
982,1
228,0
1880,1
3183,0
3792,1
2944,1
4168,1
4371,0
1663,0
1876,1
672,0
25,0
3631,0
3408,0
1583,1
193,0
3735,0
2272,1
2837,0
3220,0
721,0
267,0
2667,0
3217,1
1990,1
4890,0
4049,1
2877,1
2974,0
2103,0
1873,0
395,1
434,0
2657,0
2011,1
2450,0
3201,0
392,1
4231,0
1915,0
4011,0
1890,1
3111,0
3142,1
4298,0
3038,0
673,0
3700,1
2737,1
1260,0
4144,0
106,0
605,0
3721,0
4498,1
3416,0
2678,0
4977,1
1262,1
4419,0
1047,0
4282,1
732,0
2426,0
4592,0
593,1
2447,1
2089,0
388,1
515,1
1674,0
2068,0
4683,0
4305,0
3710,0
3430,0
3274,1
238,0
2779,0
1353,1
3665,1
2434,0
1831,0
2481,0
3635,0
3453,1
4252,0
4928,1
3854,1
4161,1
3391,1
2395,1
3940,0
3417,0
4374,0
1591,0
3175,0
4515,1
1035,0
148,0
3207,1
1156,0
736,0
725,1
4462,0
4282,1
4000,0
3618,1
4918,1
3310,0
3896,0
781,0
2643,1
1156,1
4351,0
2036,1
2834,0
299,1
3354,1
4075,0
1424,0
4186,0
427,0
2152,1
4936,0
2007,1
4734,1
1747,1
3937,0
2331,1
3374,1
3030,0
1057,0
2212,1
3642,1
2304,0
4000,1
1692,0
2084,0
2375,0
2411,1
2636,1
2843,0
4333,1
1362,0
1824,1
190,1
4977,1
3461,0
315,0
63,1
2768,0
4492,1
1960,0
2272,1
764,1
49,0
3114,0
2136,0
794,1
4152,0
1393,0
4909,0
4375,1
3937,0
3338,1
4435,0
2875,0
782,1
4244,0
38,0
377,0
4652,0
4240,1
2377,1
2294,0
2830,0
690,0
105,0
3926,0
1829,0
406,0
847,0
3137,1
1190,0
1288,0
2062,0
1601,1
403,1
4278,0
1775,0
984,1
2454,1
2343,0
4591,1
3321,1
4668,0
2822,1
27,1
1958,1
3579,1
809,0
1909,0
3901,0
2988,1
2020,1
985,0
225,0
37,0
3987,1
4891,1
521,1
390,1
2024,0
2897,1
2163,0
511,0
1507,1
4894,1
4085,0
3106,0
3326,1
1344,0
2188,1
225,0
452,1
3049,1
2654,1
4178,0
2506,0
1207,0
3205,0
3171,0
1857,1
4393,0
2397,0
3840,1
3004,0
3806,0
3493,0
3456,0
1803,1
4017,0
3559,0
660,0
1034,1
3799,0
2134,0
4935,0
1140,0
1781,0
3745,0
2407,1
3967,0
1449,1
4093,0
4288,0
3419,0
2691,0
2579,0
1461,0
4433,0
1819,1
1599,0
1207,1
1606,0
2216,0
729,0
877,0
93,0
706,0
3305,0
2537,0
3225,1
400,1
1788,0
1670,0
1608,0
176,0
4406,1
1311,0
3249,1
124,0
1937,0
1267,0
2626,0
4393,0
907,1
2307,0
1913,0
4210,1
533,0
2778,1
3188,0
2884,0
555,0
226,0
1835,1
873,0
4077,1
1201,0
2134,1
4190,0
1664,0
3673,0
4140,0
2935,0
3381,0
3094,0
3209,1
954,1
4182,1
1770,0
1187,0
4674,1
2470,0
607,0
4641,1
4067,0
1174,0
3218,1
1233,1
3621,0
3770,0
2867,0
2126,1
2922,0
622,0
2832,0
3548,1
3159,1
2585,1
2599,0
417,0
3514,0
1923,1
4109,0
3571,1
2412,0
4459,0
422,1
2831,0
1015,1
1308,1
4463,1
2856,1
113,0
3587,1
950,0
258,0
3284,1
4183,0
224,0
2035,1
3766,0
1150,0
2376,0
4089,0
3168,0
1091,0
245,0
2539,1
1660,1
4669,1
2037,1
4739,0
4455,1
4512,0
1854,0
2372,0
88,1
3726,1
1899,1
3807,1
3355,1
354,1
3161,1
324,0
582,1
26,1
1087,0
4058,1
1015,1
1650,0
3431,0
3311,0
2031,0
956,0
3261,1
3121,0
1686,1
924,0
2995,0
1090,0
3518,1
2440,1
3108,1
1341,1
2771,1
3088,0
1637,1
687,1
3595,0
4890,0
3868,0
4006,1
1567,0
1410,0
2326,0
3790,0
2888,0
3278,0
2765,0
4151,1
3061,0
3338,1
3354,1
4280,1
1867,0
4483,1
2301,0
1113,0
72,0
3140,0
1932,1
2958,1
3671,0
3420,1
1722,0
3182,0
673,0
2708,0
4693,1
806,0
4906,0
3756,0
4947,1
1468,1
2855,1
3982,0
4652,1
4130,0
4284,0
2372,1
1686,0
3958,0
2872,0
3923,0
2131,1
2507,0
57,0
3872,1
4940,1
4110,0
1802,1
4255,0
1148,0
713,1
638,0
3643,1
4203,0
3450,0
1824,0
864,0
3502,1
2049,0
3123,1
612,0
4172,1
1913,0
1615,0
933,1
1967,0
4826,1
3936,1
2706,0
4196,0
4338,0
2873,0
2062,1
2179,1
4231,0
63,0
4850,1
3348,0
4016,0
945,0
3908,0
2570,0
3337,0
2937,0
2495,1
2641,0
1050,1
790,0
2501,0
3814,0
1570,0
1927,0
3680,0
4917,0
2809,0
2770,0
1368,1
3350,0
4535,1
3888,0
2499,0
2,1
738,0
4209,0
2182,0
4931,1
4899,0
2832,0
1756,0
662,0
2945,1
961,0
592,1
2479,1
3001,1
1530,0
1692,1
1875,0
2127,0
1104,0
624,0
1111,0
3631,0
625,1
1687,0
872,1
4032,1
1677,0
3158,1
696,0
3253,1
3474,0
1913,0
4990,0
1011,1
3411,0
2862,0
3242,0
821,0
3410,1
666,0
3498,0
4900,0
2236,1
1721,0
2822,1
3020,0
2349,0
645,1
4509,1
3079,1
1852,0
1839,0
1258,0
4502,1
4905,0
1914,0
2653,1
420,0
1308,0
3877,0
1357,0
2318,0
885,1
3847,1
266,1
2609,0
394,0
4956,1
4274,1
3195,0
1997,0
285,0
2774,0
1642,0
1654,1
3523,0
2693,1
3365,1
1154,0
1098,1
4456,0
2143,0
285,0
179,0
2969,1
3457,0
3527,1
3795,0
2710,0
3575,1
2027,1
1861,1
2278,1
2432,0
2824,1
4569,0
2815,0
2008,1
212,0
3690,0
4749,1
4603,0
270,0
3979,0
3466,0
2271,0
310,0
860,0
1289,0
60,1
2150,0
816,1
259,0
4535,0
4619,1
4755,0
4766,0
3485,1
3183,1
6,0
963,1
4641,1
4493,0
2796,1
3125,1
781,0
187,1
4087,1
4928,0
1118,0
2635,0
202,0
965,0
2280,0
4854,0
2658,0
4053,0
1492,0
4804,0
2769,0
2660,0
4854,0
4630,0
1779,1
4041,1
679,0
792,0
4833,0
648,1
4958,0
1848,0
1382,0
1686,1
89,0
1116,1
4963,0
1507,0
846,1
3839,1
2509,0
3977,1
423,0
760,1
427,1
3234,1
2137,1
4068,0
2561,0
1764,1
3102,0
2091,0
3908,0
3281,0
238,0
1243,0
1552,0
4470,0
3514,0
3061,0
1260,0
2884,0
3246,0
4643,0
1375,1
978,0
3630,1
3890,0
227,1
3044,0
3030,1
1322,0
4902,0
2448,0
537,0
998,1
4133,1
4793,0
2586,0
269,1
17,1
3303,1
3156,1
4392,0
2775,0
4862,0
1759,0
4802,0
2318,0
3609,1
3049,0
4664,1
996,0
2455,0
1136,1
4133,0
2218,0
1258,0
4785,0
4040,1
3407,0
1521,0
346,0
3833,0
4313,0
2957,1
4356,0
588,0
4707,0
3508,0
3300,1
3153,0
2104,1
2219,0
3170,0
2509,0
2844,1
1047,0
4889,1
4948,1
4860,1
1729,0
695,0
1620,0
3144,1
1051,0
3496,1
854,1
83,0
1379,1
3966,0
2315,0
2851,0
2116,0
261,0
3879,0
3077,0
679,0
668,0
4405,1
357,0
400,0
4053,1
2635,1
2822,1
2403,0
1494,0
1948,0
1783,1
811,1
1261,0
2056,1
2264,0
2016,1
18,0
3316,0
1518,1
4810,0
577,1
4165,0
2254,0
3454,0
2067,0
2724,1
2691,0
1074,1
2517,0
606,0
3318,0
1453,0
4091,0
2425,1
1974,1
2862,1
4332,0
107,1
1160,0
3983,0
312,0
3969,0
1278,1
3129,0
4223,0
3382,0
3106,0
4495,0
2818,0
1924,0
2549,1
3219,1
3168,0
4334,0
363,0
590,1
2103,0
605,1
138,1
4387,1
1202,0
3153,0
2695,0
2055,0
2331,1
3004,0
4801,1
2427,0
2096,1
1798,0
4381,0
1799,0
2959,0
3408,1
214,0
3391,1
1653,0
2933,1
4771,1
3764,0
3272,0
1764,0
350,0
971,1
1507,1
2150,0
2445,0
4661,0
3300,1
1416,1
2070,1
1568,0
4831,1
4019,0
1894,1
3954,0
1475,1
1929,0
2242,0
830,1
208,0
3913,0
1598,1
4332,0
2835,0
1496,0
3527,0
4814,0
3232,1
4141,0
4635,1
829,0
3479,0
964,0
4219,0
2272,1
4597,0
766,0
4931,1
3368,0
2926,0
3964,0
1502,0
1249,1
1952,1
3562,1
3879,0
2449,0
2394,1
3514,1
336,0
3176,0
2942,0
2071,1
2847,0
4777,0
1203,0
843,0
4890,0
4280,1
1747,1
4205,0
776,0
889,1
4382,1
3891,0
699,0
2747,0
2638,0
1985,0
4081,1
948,0
3689,1
1468,1
3180,0
28,1
1901,1
4041,1
3133,0
1346,1
282,1
2193,0
1918,0
2503,1
3589,1
1307,1
1753,1
1028,0
2498,0
1052,0
1601,0
290,1
1575,0
4715,0
3029,0
2160,0
59,1
4093,0
3376,1
3327,1
320,1
1388,0
381,0
3075,1
3730,1
16,1
3038,0
1207,0
959,0
3786,1
3434,0
2322,1
853,0
4668,0
452,0
1192,0
3241,0
1505,0
1026,1
1369,1
4014,0
3497,1
1365,0
4267,1
1918,0
4723,0
4205,0
2188,0
4311,1
1327,1
297,0
3001,0
4716,1
1963,0
4884,0
1762,0
4454,0
4552,0
1803,1
718,0
230,1
285,1
1854,0
1664,0
1018,1
2584,1
1482,0
2756,0
750,0
3249,0
1366,0
2236,0
604,1
2187,1
3280,1
4450,0
1448,0
3584,0
1953,0
125,0
1056,0
1348,0
222,0
629,0
4679,0
2834,1
536,0
1729,0
645,1
500,0
2060,1
4384,0
719,0
533,1
574,1
4536,1
3283,0
2882,1
2301,0
1652,0
2443,0
896,0
1988,0
4800,1
4599,1
3879,0
2656,0
2925,1
1267,1
2426,0
4231,1
2930,1
1088,1
4751,0
2945,1
1695,0
2823,0
3898,0
2982,0
4820,0
1657,1
4791,0
1520,0
2208,0
1320,1
1499,0
488,0
140,0
4285,0
1934,1
325,0
4658,1
2666,0
2424,0
4891,0
1535,0
2442,0
1795,1
4706,0
110,1
3857,0
3728,1
1747,0
3475,0
2261,0
2016,1
1747,1
3926,0
1876,0
4803,0
4934,0
2756,1
2162,1
4289,1
2622,0
3230,0
1476,0
145,0
1726,0
2709,0
842,0
3847,1
2494,1
4568,0
4649,0
3288,0
1910,1
2531,0
399,0
695,1
4440,1
3932,0
4682,1
805,0
1279,0
2005,0
4843,0
4250,0
4646,1
85,1
3493,0
683,1
4565,1
1627,0
1279,0
2339,0
3831,0
4627,1
4418,0
3786,1
1477,1
3338,1
1935,0
4921,0
230,0
3760,0
3840,1
899,1
4527,0
684,1
4645,0
1751,1
3044,0
1448,0
1665,0
3736,1
3744,1
3949,0
4053,0
2476,0
1553,0
1248,1
603,0
39,0
2331,1
4078,1
530,0
415,1
2146,0
2112,0
1485,0
2658,0
1234,1
623,1
3356,1
4303,0
1620,0
1756,0
709,1
3394,0
4033,0
1700,1
3523,0
234,1
1960,1
3849,0
1778,0
920,0
3079,1
4648,1
3864,1
3393,1
1405,0
3357,0
2960,1
3710,0
2694,1
294,0
2030,0
4641,0
1284,1
4030,0
4114,0
4367,0
2585,1
4144,0
1438,0
4036,0
8,0
3646,0
57,0
1016,1
3908,1
3189,1
3007,1
4861,1
4129,0
3680,1
2883,0
248,1
1035,0
1136,0
2543,0
2571,0
681,0
331,0
233,1
3597,0
344,0
4342,0
983,0
424,0
602,0
1910,0
4502,0
1920,1
2856,1
4207,0
690,1
432,0
1945,0
2795,1
1147,0
1854,0
3389,0
3443,0
1067,0
4713,0
616,0
3038,1
1621,0
1322,0
3778,1
3144,1
4671,1
4759,0
3772,0
521,1
3681,0
665,1
1435,0
4411,1
3073,0
3067,0
3323,1
3226,0
1615,1
3366,1
731,0
3696,0
2014,0
3136,1
3548,1
720,0
3233,0
4381,0
2,1
1036,1
997,1
158,1
1639,0
3903,0
2011,1
1094,0
1088,0
2882,1
2503,1
3367,1
2441,0
2474,0
118,0
458,1
4817,1
4334,1
3440,0
905,0
2437,1
2180,1
2527,0
787,0
2058,0
2649,0
801,0
4163,0
2761,1
3497,0
3755,1
75,0
1653,0
620,1
262,1
196,1
3125,1
2613,0
518,1
3381,0
4600,0
4677,0
92,0
1228,0
269,1
539,1
1575,0
4132,0
3980,1
3947,0
2386,0
1222,0
804,0
4576,1
3495,0
4151,0
2165,1
885,1
4475,0
1796,0
3365,1
391,0
1521,0
2559,1
4399,0
3357,1
4450,1
1879,0
1245,0
1967,0
4413,0
4040,1
1749,0
1030,0
2421,0
3510,1
3428,0
4443,0
1608,1
4822,0
4408,0
4799,0
3515,0
2388,0
4532,1
448,0
3884,1
3440,0
3904,0
2794,0
2954,1
3526,1
3947,0
1970,0
1248,0
428,0
4816,0
3741,1
1313,1
3924,0
871,0
1041,0
1058,0
498,1
4707,1
1426,0
4605,0
443,0
